,filename,frame_number,sequence,img_filepath,gt_filepath,crossfold_group
0,1.tif,1,1,D:/Downloads/Datasets/archive/CVC-ClinicDB/Original/1.tif,D:/Downloads/Datasets/archive/CVC-ClinicDB/Ground Truth/1.tif,1
1,2.tif,2,1,D:/Downloads/Datasets/archive/CVC-ClinicDB/Original/2.tif,D:/Downloads/Datasets/archive/CVC-ClinicDB/Ground Truth/2.tif,10
2,3.tif,3,1,D:/Downloads/Datasets/archive/CVC-ClinicDB/Original/3.tif,D:/Downloads/Datasets/archive/CVC-ClinicDB/Ground Truth/3.tif,3
3,4.tif,4,1,D:/Downloads/Datasets/archive/CVC-ClinicDB/Original/4.tif,D:/Downloads/Datasets/archive/CVC-ClinicDB/Ground Truth/4.tif,5
4,5.tif,5,1,D:/Downloads/Datasets/archive/CVC-ClinicDB/Original/5.tif,D:/Downloads/Datasets/archive/CVC-ClinicDB/Ground Truth/5.tif,6
5,6.tif,6,1,D:/Downloads/Datasets/archive/CVC-ClinicDB/Original/6.tif,D:/Downloads/Datasets/archive/CVC-ClinicDB/Ground Truth/6.tif,4
6,7.tif,7,1,D:/Downloads/Datasets/archive/CVC-ClinicDB/Original/7.tif,D:/Downloads/Datasets/archive/CVC-ClinicDB/Ground Truth/7.tif,2
7,8.tif,8,1,D:/Downloads/Datasets/archive/CVC-ClinicDB/Original/8.tif,D:/Downloads/Datasets/archive/CVC-ClinicDB/Ground Truth/8.tif,5
8,9.tif,9,1,D:/Downloads/Datasets/archive/CVC-ClinicDB/Original/9.tif,D:/Downloads/Datasets/archive/CVC-ClinicDB/Ground Truth/9.tif,7
9,10.tif,10,1,D:/Downloads/Datasets/archive/CVC-ClinicDB/Original/10.tif,D:/Downloads/Datasets/archive/CVC-ClinicDB/Ground Truth/10.tif,2
10,11.tif,11,1,D:/Downloads/Datasets/archive/CVC-ClinicDB/Original/11.tif,D:/Downloads/Datasets/archive/CVC-ClinicDB/Ground Truth/11.tif,1
11,12.tif,12,1,D:/Downloads/Datasets/archive/CVC-ClinicDB/Original/12.tif,D:/Downloads/Datasets/archive/CVC-ClinicDB/Ground Truth/12.tif,9
12,13.tif,13,1,D:/Downloads/Datasets/archive/CVC-ClinicDB/Original/13.tif,D:/Downloads/Datasets/archive/CVC-ClinicDB/Ground Truth/13.tif,3
13,14.tif,14,1,D:/Downloads/Datasets/archive/CVC-ClinicDB/Original/14.tif,D:/Downloads/Datasets/archive/CVC-ClinicDB/Ground Truth/14.tif,10
14,15.tif,15,1,D:/Downloads/Datasets/archive/CVC-ClinicDB/Original/15.tif,D:/Downloads/Datasets/archive/CVC-ClinicDB/Ground Truth/15.tif,8
15,16.tif,16,1,D:/Downloads/Datasets/archive/CVC-ClinicDB/Original/16.tif,D:/Downloads/Datasets/archive/CVC-ClinicDB/Ground Truth/16.tif,8
16,17.tif,17,1,D:/Downloads/Datasets/archive/CVC-ClinicDB/Original/17.tif,D:/Downloads/Datasets/archive/CVC-ClinicDB/Ground Truth/17.tif,5
17,18.tif,18,1,D:/Downloads/Datasets/archive/CVC-ClinicDB/Original/18.tif,D:/Downloads/Datasets/archive/CVC-ClinicDB/Ground Truth/18.tif,1
18,19.tif,19,1,D:/Downloads/Datasets/archive/CVC-ClinicDB/Original/19.tif,D:/Downloads/Datasets/archive/CVC-ClinicDB/Ground Truth/19.tif,6
19,20.tif,20,1,D:/Downloads/Datasets/archive/CVC-ClinicDB/Original/20.tif,D:/Downloads/Datasets/archive/CVC-ClinicDB/Ground Truth/20.tif,7
20,21.tif,21,1,D:/Downloads/Datasets/archive/CVC-ClinicDB/Original/21.tif,D:/Downloads/Datasets/archive/CVC-ClinicDB/Ground Truth/21.tif,2
21,22.tif,22,1,D:/Downloads/Datasets/archive/CVC-ClinicDB/Original/22.tif,D:/Downloads/Datasets/archive/CVC-ClinicDB/Ground Truth/22.tif,4
22,23.tif,23,1,D:/Downloads/Datasets/archive/CVC-ClinicDB/Original/23.tif,D:/Downloads/Datasets/archive/CVC-ClinicDB/Ground Truth/23.tif,4
23,24.tif,24,1,D:/Downloads/Datasets/archive/CVC-ClinicDB/Original/24.tif,D:/Downloads/Datasets/archive/CVC-ClinicDB/Ground Truth/24.tif,9
24,25.tif,25,1,D:/Downloads/Datasets/archive/CVC-ClinicDB/Original/25.tif,D:/Downloads/Datasets/archive/CVC-ClinicDB/Ground Truth/25.tif,3
25,26.tif,26,2,D:/Downloads/Datasets/archive/CVC-ClinicDB/Original/26.tif,D:/Downloads/Datasets/archive/CVC-ClinicDB/Ground Truth/26.tif,2
26,27.tif,27,2,D:/Downloads/Datasets/archive/CVC-ClinicDB/Original/27.tif,D:/Downloads/Datasets/archive/CVC-ClinicDB/Ground Truth/27.tif,10
27,28.tif,28,2,D:/Downloads/Datasets/archive/CVC-ClinicDB/Original/28.tif,D:/Downloads/Datasets/archive/CVC-ClinicDB/Ground Truth/28.tif,5
28,29.tif,29,2,D:/Downloads/Datasets/archive/CVC-ClinicDB/Original/29.tif,D:/Downloads/Datasets/archive/CVC-ClinicDB/Ground Truth/29.tif,7
29,30.tif,30,2,D:/Downloads/Datasets/archive/CVC-ClinicDB/Original/30.tif,D:/Downloads/Datasets/archive/CVC-ClinicDB/Ground Truth/30.tif,6
30,31.tif,31,2,D:/Downloads/Datasets/archive/CVC-ClinicDB/Original/31.tif,D:/Downloads/Datasets/archive/CVC-ClinicDB/Ground Truth/31.tif,9
31,32.tif,32,2,D:/Downloads/Datasets/archive/CVC-ClinicDB/Original/32.tif,D:/Downloads/Datasets/archive/CVC-ClinicDB/Ground Truth/32.tif,6
32,33.tif,33,2,D:/Downloads/Datasets/archive/CVC-ClinicDB/Original/33.tif,D:/Downloads/Datasets/archive/CVC-ClinicDB/Ground Truth/33.tif,4
33,34.tif,34,2,D:/Downloads/Datasets/archive/CVC-ClinicDB/Original/34.tif,D:/Downloads/Datasets/archive/CVC-ClinicDB/Ground Truth/34.tif,2
34,35.tif,35,2,D:/Downloads/Datasets/archive/CVC-ClinicDB/Original/35.tif,D:/Downloads/Datasets/archive/CVC-ClinicDB/Ground Truth/35.tif,1
35,36.tif,36,2,D:/Downloads/Datasets/archive/CVC-ClinicDB/Original/36.tif,D:/Downloads/Datasets/archive/CVC-ClinicDB/Ground Truth/36.tif,1
36,37.tif,37,2,D:/Downloads/Datasets/archive/CVC-ClinicDB/Original/37.tif,D:/Downloads/Datasets/archive/CVC-ClinicDB/Ground Truth/37.tif,5
37,38.tif,38,2,D:/Downloads/Datasets/archive/CVC-ClinicDB/Original/38.tif,D:/Downloads/Datasets/archive/CVC-ClinicDB/Ground Truth/38.tif,2
38,39.tif,39,2,D:/Downloads/Datasets/archive/CVC-ClinicDB/Original/39.tif,D:/Downloads/Datasets/archive/CVC-ClinicDB/Ground Truth/39.tif,8
39,40.tif,40,2,D:/Downloads/Datasets/archive/CVC-ClinicDB/Original/40.tif,D:/Downloads/Datasets/archive/CVC-ClinicDB/Ground Truth/40.tif,3
40,41.tif,41,2,D:/Downloads/Datasets/archive/CVC-ClinicDB/Original/41.tif,D:/Downloads/Datasets/archive/CVC-ClinicDB/Ground Truth/41.tif,1
41,42.tif,42,2,D:/Downloads/Datasets/archive/CVC-ClinicDB/Original/42.tif,D:/Downloads/Datasets/archive/CVC-ClinicDB/Ground Truth/42.tif,8
42,43.tif,43,2,D:/Downloads/Datasets/archive/CVC-ClinicDB/Original/43.tif,D:/Downloads/Datasets/archive/CVC-ClinicDB/Ground Truth/43.tif,9
43,44.tif,44,2,D:/Downloads/Datasets/archive/CVC-ClinicDB/Original/44.tif,D:/Downloads/Datasets/archive/CVC-ClinicDB/Ground Truth/44.tif,4
44,45.tif,45,2,D:/Downloads/Datasets/archive/CVC-ClinicDB/Original/45.tif,D:/Downloads/Datasets/archive/CVC-ClinicDB/Ground Truth/45.tif,4
45,46.tif,46,2,D:/Downloads/Datasets/archive/CVC-ClinicDB/Original/46.tif,D:/Downloads/Datasets/archive/CVC-ClinicDB/Ground Truth/46.tif,10
46,47.tif,47,2,D:/Downloads/Datasets/archive/CVC-ClinicDB/Original/47.tif,D:/Downloads/Datasets/archive/CVC-ClinicDB/Ground Truth/47.tif,3
47,48.tif,48,2,D:/Downloads/Datasets/archive/CVC-ClinicDB/Original/48.tif,D:/Downloads/Datasets/archive/CVC-ClinicDB/Ground Truth/48.tif,3
48,49.tif,49,2,D:/Downloads/Datasets/archive/CVC-ClinicDB/Original/49.tif,D:/Downloads/Datasets/archive/CVC-ClinicDB/Ground Truth/49.tif,5
49,50.tif,50,2,D:/Downloads/Datasets/archive/CVC-ClinicDB/Original/50.tif,D:/Downloads/Datasets/archive/CVC-ClinicDB/Ground Truth/50.tif,7
50,51.tif,51,3,D:/Downloads/Datasets/archive/CVC-ClinicDB/Original/51.tif,D:/Downloads/Datasets/archive/CVC-ClinicDB/Ground Truth/51.tif,6
51,52.tif,52,3,D:/Downloads/Datasets/archive/CVC-ClinicDB/Original/52.tif,D:/Downloads/Datasets/archive/CVC-ClinicDB/Ground Truth/52.tif,3
52,53.tif,53,3,D:/Downloads/Datasets/archive/CVC-ClinicDB/Original/53.tif,D:/Downloads/Datasets/archive/CVC-ClinicDB/Ground Truth/53.tif,1
53,54.tif,54,3,D:/Downloads/Datasets/archive/CVC-ClinicDB/Original/54.tif,D:/Downloads/Datasets/archive/CVC-ClinicDB/Ground Truth/54.tif,3
54,55.tif,55,3,D:/Downloads/Datasets/archive/CVC-ClinicDB/Original/55.tif,D:/Downloads/Datasets/archive/CVC-ClinicDB/Ground Truth/55.tif,1
55,56.tif,56,3,D:/Downloads/Datasets/archive/CVC-ClinicDB/Original/56.tif,D:/Downloads/Datasets/archive/CVC-ClinicDB/Ground Truth/56.tif,7
56,57.tif,57,3,D:/Downloads/Datasets/archive/CVC-ClinicDB/Original/57.tif,D:/Downloads/Datasets/archive/CVC-ClinicDB/Ground Truth/57.tif,6
57,58.tif,58,3,D:/Downloads/Datasets/archive/CVC-ClinicDB/Original/58.tif,D:/Downloads/Datasets/archive/CVC-ClinicDB/Ground Truth/58.tif,7
58,59.tif,59,3,D:/Downloads/Datasets/archive/CVC-ClinicDB/Original/59.tif,D:/Downloads/Datasets/archive/CVC-ClinicDB/Ground Truth/59.tif,10
59,60.tif,60,3,D:/Downloads/Datasets/archive/CVC-ClinicDB/Original/60.tif,D:/Downloads/Datasets/archive/CVC-ClinicDB/Ground Truth/60.tif,8
60,61.tif,61,3,D:/Downloads/Datasets/archive/CVC-ClinicDB/Original/61.tif,D:/Downloads/Datasets/archive/CVC-ClinicDB/Ground Truth/61.tif,4
61,62.tif,62,3,D:/Downloads/Datasets/archive/CVC-ClinicDB/Original/62.tif,D:/Downloads/Datasets/archive/CVC-ClinicDB/Ground Truth/62.tif,5
62,63.tif,63,3,D:/Downloads/Datasets/archive/CVC-ClinicDB/Original/63.tif,D:/Downloads/Datasets/archive/CVC-ClinicDB/Ground Truth/63.tif,9
63,64.tif,64,3,D:/Downloads/Datasets/archive/CVC-ClinicDB/Original/64.tif,D:/Downloads/Datasets/archive/CVC-ClinicDB/Ground Truth/64.tif,2
64,65.tif,65,3,D:/Downloads/Datasets/archive/CVC-ClinicDB/Original/65.tif,D:/Downloads/Datasets/archive/CVC-ClinicDB/Ground Truth/65.tif,2
65,66.tif,66,3,D:/Downloads/Datasets/archive/CVC-ClinicDB/Original/66.tif,D:/Downloads/Datasets/archive/CVC-ClinicDB/Ground Truth/66.tif,4
66,67.tif,67,3,D:/Downloads/Datasets/archive/CVC-ClinicDB/Original/67.tif,D:/Downloads/Datasets/archive/CVC-ClinicDB/Ground Truth/67.tif,5
67,68.tif,68,4,D:/Downloads/Datasets/archive/CVC-ClinicDB/Original/68.tif,D:/Downloads/Datasets/archive/CVC-ClinicDB/Ground Truth/68.tif,1
68,69.tif,69,4,D:/Downloads/Datasets/archive/CVC-ClinicDB/Original/69.tif,D:/Downloads/Datasets/archive/CVC-ClinicDB/Ground Truth/69.tif,1
69,70.tif,70,4,D:/Downloads/Datasets/archive/CVC-ClinicDB/Original/70.tif,D:/Downloads/Datasets/archive/CVC-ClinicDB/Ground Truth/70.tif,5
70,71.tif,71,4,D:/Downloads/Datasets/archive/CVC-ClinicDB/Original/71.tif,D:/Downloads/Datasets/archive/CVC-ClinicDB/Ground Truth/71.tif,8
71,72.tif,72,4,D:/Downloads/Datasets/archive/CVC-ClinicDB/Original/72.tif,D:/Downloads/Datasets/archive/CVC-ClinicDB/Ground Truth/72.tif,9
72,73.tif,73,4,D:/Downloads/Datasets/archive/CVC-ClinicDB/Original/73.tif,D:/Downloads/Datasets/archive/CVC-ClinicDB/Ground Truth/73.tif,2
73,74.tif,74,4,D:/Downloads/Datasets/archive/CVC-ClinicDB/Original/74.tif,D:/Downloads/Datasets/archive/CVC-ClinicDB/Ground Truth/74.tif,7
74,75.tif,75,4,D:/Downloads/Datasets/archive/CVC-ClinicDB/Original/75.tif,D:/Downloads/Datasets/archive/CVC-ClinicDB/Ground Truth/75.tif,10
75,76.tif,76,4,D:/Downloads/Datasets/archive/CVC-ClinicDB/Original/76.tif,D:/Downloads/Datasets/archive/CVC-ClinicDB/Ground Truth/76.tif,6
76,77.tif,77,4,D:/Downloads/Datasets/archive/CVC-ClinicDB/Original/77.tif,D:/Downloads/Datasets/archive/CVC-ClinicDB/Ground Truth/77.tif,4
77,78.tif,78,4,D:/Downloads/Datasets/archive/CVC-ClinicDB/Original/78.tif,D:/Downloads/Datasets/archive/CVC-ClinicDB/Ground Truth/78.tif,3
78,79.tif,79,5,D:/Downloads/Datasets/archive/CVC-ClinicDB/Original/79.tif,D:/Downloads/Datasets/archive/CVC-ClinicDB/Ground Truth/79.tif,4
79,80.tif,80,5,D:/Downloads/Datasets/archive/CVC-ClinicDB/Original/80.tif,D:/Downloads/Datasets/archive/CVC-ClinicDB/Ground Truth/80.tif,3
80,81.tif,81,5,D:/Downloads/Datasets/archive/CVC-ClinicDB/Original/81.tif,D:/Downloads/Datasets/archive/CVC-ClinicDB/Ground Truth/81.tif,10
81,82.tif,82,5,D:/Downloads/Datasets/archive/CVC-ClinicDB/Original/82.tif,D:/Downloads/Datasets/archive/CVC-ClinicDB/Ground Truth/82.tif,4
82,83.tif,83,5,D:/Downloads/Datasets/archive/CVC-ClinicDB/Original/83.tif,D:/Downloads/Datasets/archive/CVC-ClinicDB/Ground Truth/83.tif,9
83,84.tif,84,5,D:/Downloads/Datasets/archive/CVC-ClinicDB/Original/84.tif,D:/Downloads/Datasets/archive/CVC-ClinicDB/Ground Truth/84.tif,10
84,85.tif,85,5,D:/Downloads/Datasets/archive/CVC-ClinicDB/Original/85.tif,D:/Downloads/Datasets/archive/CVC-ClinicDB/Ground Truth/85.tif,6
85,86.tif,86,5,D:/Downloads/Datasets/archive/CVC-ClinicDB/Original/86.tif,D:/Downloads/Datasets/archive/CVC-ClinicDB/Ground Truth/86.tif,2
86,87.tif,87,5,D:/Downloads/Datasets/archive/CVC-ClinicDB/Original/87.tif,D:/Downloads/Datasets/archive/CVC-ClinicDB/Ground Truth/87.tif,4
87,88.tif,88,5,D:/Downloads/Datasets/archive/CVC-ClinicDB/Original/88.tif,D:/Downloads/Datasets/archive/CVC-ClinicDB/Ground Truth/88.tif,1
88,89.tif,89,5,D:/Downloads/Datasets/archive/CVC-ClinicDB/Original/89.tif,D:/Downloads/Datasets/archive/CVC-ClinicDB/Ground Truth/89.tif,7
89,90.tif,90,5,D:/Downloads/Datasets/archive/CVC-ClinicDB/Original/90.tif,D:/Downloads/Datasets/archive/CVC-ClinicDB/Ground Truth/90.tif,1
90,91.tif,91,5,D:/Downloads/Datasets/archive/CVC-ClinicDB/Original/91.tif,D:/Downloads/Datasets/archive/CVC-ClinicDB/Ground Truth/91.tif,7
91,92.tif,92,5,D:/Downloads/Datasets/archive/CVC-ClinicDB/Original/92.tif,D:/Downloads/Datasets/archive/CVC-ClinicDB/Ground Truth/92.tif,3
92,93.tif,93,5,D:/Downloads/Datasets/archive/CVC-ClinicDB/Original/93.tif,D:/Downloads/Datasets/archive/CVC-ClinicDB/Ground Truth/93.tif,2
93,94.tif,94,5,D:/Downloads/Datasets/archive/CVC-ClinicDB/Original/94.tif,D:/Downloads/Datasets/archive/CVC-ClinicDB/Ground Truth/94.tif,6
94,95.tif,95,5,D:/Downloads/Datasets/archive/CVC-ClinicDB/Original/95.tif,D:/Downloads/Datasets/archive/CVC-ClinicDB/Ground Truth/95.tif,2
95,96.tif,96,5,D:/Downloads/Datasets/archive/CVC-ClinicDB/Original/96.tif,D:/Downloads/Datasets/archive/CVC-ClinicDB/Ground Truth/96.tif,8
96,97.tif,97,5,D:/Downloads/Datasets/archive/CVC-ClinicDB/Original/97.tif,D:/Downloads/Datasets/archive/CVC-ClinicDB/Ground Truth/97.tif,5
97,98.tif,98,5,D:/Downloads/Datasets/archive/CVC-ClinicDB/Original/98.tif,D:/Downloads/Datasets/archive/CVC-ClinicDB/Ground Truth/98.tif,1
98,99.tif,99,5,D:/Downloads/Datasets/archive/CVC-ClinicDB/Original/99.tif,D:/Downloads/Datasets/archive/CVC-ClinicDB/Ground Truth/99.tif,9
99,100.tif,100,5,D:/Downloads/Datasets/archive/CVC-ClinicDB/Original/100.tif,D:/Downloads/Datasets/archive/CVC-ClinicDB/Ground Truth/100.tif,5
100,101.tif,101,5,D:/Downloads/Datasets/archive/CVC-ClinicDB/Original/101.tif,D:/Downloads/Datasets/archive/CVC-ClinicDB/Ground Truth/101.tif,8
101,102.tif,102,5,D:/Downloads/Datasets/archive/CVC-ClinicDB/Original/102.tif,D:/Downloads/Datasets/archive/CVC-ClinicDB/Ground Truth/102.tif,3
102,103.tif,103,5,D:/Downloads/Datasets/archive/CVC-ClinicDB/Original/103.tif,D:/Downloads/Datasets/archive/CVC-ClinicDB/Ground Truth/103.tif,5
103,104.tif,104,6,D:/Downloads/Datasets/archive/CVC-ClinicDB/Original/104.tif,D:/Downloads/Datasets/archive/CVC-ClinicDB/Ground Truth/104.tif,5
104,105.tif,105,6,D:/Downloads/Datasets/archive/CVC-ClinicDB/Original/105.tif,D:/Downloads/Datasets/archive/CVC-ClinicDB/Ground Truth/105.tif,9
105,106.tif,106,6,D:/Downloads/Datasets/archive/CVC-ClinicDB/Original/106.tif,D:/Downloads/Datasets/archive/CVC-ClinicDB/Ground Truth/106.tif,7
106,107.tif,107,6,D:/Downloads/Datasets/archive/CVC-ClinicDB/Original/107.tif,D:/Downloads/Datasets/archive/CVC-ClinicDB/Ground Truth/107.tif,3
107,108.tif,108,6,D:/Downloads/Datasets/archive/CVC-ClinicDB/Original/108.tif,D:/Downloads/Datasets/archive/CVC-ClinicDB/Ground Truth/108.tif,5
108,109.tif,109,6,D:/Downloads/Datasets/archive/CVC-ClinicDB/Original/109.tif,D:/Downloads/Datasets/archive/CVC-ClinicDB/Ground Truth/109.tif,3
109,110.tif,110,6,D:/Downloads/Datasets/archive/CVC-ClinicDB/Original/110.tif,D:/Downloads/Datasets/archive/CVC-ClinicDB/Ground Truth/110.tif,2
110,111.tif,111,6,D:/Downloads/Datasets/archive/CVC-ClinicDB/Original/111.tif,D:/Downloads/Datasets/archive/CVC-ClinicDB/Ground Truth/111.tif,1
111,112.tif,112,6,D:/Downloads/Datasets/archive/CVC-ClinicDB/Original/112.tif,D:/Downloads/Datasets/archive/CVC-ClinicDB/Ground Truth/112.tif,8
112,113.tif,113,6,D:/Downloads/Datasets/archive/CVC-ClinicDB/Original/113.tif,D:/Downloads/Datasets/archive/CVC-ClinicDB/Ground Truth/113.tif,7
113,114.tif,114,6,D:/Downloads/Datasets/archive/CVC-ClinicDB/Original/114.tif,D:/Downloads/Datasets/archive/CVC-ClinicDB/Ground Truth/114.tif,2
114,115.tif,115,6,D:/Downloads/Datasets/archive/CVC-ClinicDB/Original/115.tif,D:/Downloads/Datasets/archive/CVC-ClinicDB/Ground Truth/115.tif,2
115,116.tif,116,6,D:/Downloads/Datasets/archive/CVC-ClinicDB/Original/116.tif,D:/Downloads/Datasets/archive/CVC-ClinicDB/Ground Truth/116.tif,4
116,117.tif,117,6,D:/Downloads/Datasets/archive/CVC-ClinicDB/Original/117.tif,D:/Downloads/Datasets/archive/CVC-ClinicDB/Ground Truth/117.tif,1
117,118.tif,118,6,D:/Downloads/Datasets/archive/CVC-ClinicDB/Original/118.tif,D:/Downloads/Datasets/archive/CVC-ClinicDB/Ground Truth/118.tif,6
118,119.tif,119,6,D:/Downloads/Datasets/archive/CVC-ClinicDB/Original/119.tif,D:/Downloads/Datasets/archive/CVC-ClinicDB/Ground Truth/119.tif,10
119,120.tif,120,6,D:/Downloads/Datasets/archive/CVC-ClinicDB/Original/120.tif,D:/Downloads/Datasets/archive/CVC-ClinicDB/Ground Truth/120.tif,1
120,121.tif,121,6,D:/Downloads/Datasets/archive/CVC-ClinicDB/Original/121.tif,D:/Downloads/Datasets/archive/CVC-ClinicDB/Ground Truth/121.tif,4
121,122.tif,122,6,D:/Downloads/Datasets/archive/CVC-ClinicDB/Original/122.tif,D:/Downloads/Datasets/archive/CVC-ClinicDB/Ground Truth/122.tif,6
122,123.tif,123,6,D:/Downloads/Datasets/archive/CVC-ClinicDB/Original/123.tif,D:/Downloads/Datasets/archive/CVC-ClinicDB/Ground Truth/123.tif,10
123,124.tif,124,6,D:/Downloads/Datasets/archive/CVC-ClinicDB/Original/124.tif,D:/Downloads/Datasets/archive/CVC-ClinicDB/Ground Truth/124.tif,3
124,125.tif,125,6,D:/Downloads/Datasets/archive/CVC-ClinicDB/Original/125.tif,D:/Downloads/Datasets/archive/CVC-ClinicDB/Ground Truth/125.tif,8
125,126.tif,126,6,D:/Downloads/Datasets/archive/CVC-ClinicDB/Original/126.tif,D:/Downloads/Datasets/archive/CVC-ClinicDB/Ground Truth/126.tif,9
126,127.tif,127,7,D:/Downloads/Datasets/archive/CVC-ClinicDB/Original/127.tif,D:/Downloads/Datasets/archive/CVC-ClinicDB/Ground Truth/127.tif,7
127,128.tif,128,7,D:/Downloads/Datasets/archive/CVC-ClinicDB/Original/128.tif,D:/Downloads/Datasets/archive/CVC-ClinicDB/Ground Truth/128.tif,3
128,129.tif,129,7,D:/Downloads/Datasets/archive/CVC-ClinicDB/Original/129.tif,D:/Downloads/Datasets/archive/CVC-ClinicDB/Ground Truth/129.tif,5
129,130.tif,130,7,D:/Downloads/Datasets/archive/CVC-ClinicDB/Original/130.tif,D:/Downloads/Datasets/archive/CVC-ClinicDB/Ground Truth/130.tif,1
130,131.tif,131,7,D:/Downloads/Datasets/archive/CVC-ClinicDB/Original/131.tif,D:/Downloads/Datasets/archive/CVC-ClinicDB/Ground Truth/131.tif,6
131,132.tif,132,7,D:/Downloads/Datasets/archive/CVC-ClinicDB/Original/132.tif,D:/Downloads/Datasets/archive/CVC-ClinicDB/Ground Truth/132.tif,2
132,133.tif,133,7,D:/Downloads/Datasets/archive/CVC-ClinicDB/Original/133.tif,D:/Downloads/Datasets/archive/CVC-ClinicDB/Ground Truth/133.tif,8
133,134.tif,134,7,D:/Downloads/Datasets/archive/CVC-ClinicDB/Original/134.tif,D:/Downloads/Datasets/archive/CVC-ClinicDB/Ground Truth/134.tif,4
134,135.tif,135,7,D:/Downloads/Datasets/archive/CVC-ClinicDB/Original/135.tif,D:/Downloads/Datasets/archive/CVC-ClinicDB/Ground Truth/135.tif,4
135,136.tif,136,7,D:/Downloads/Datasets/archive/CVC-ClinicDB/Original/136.tif,D:/Downloads/Datasets/archive/CVC-ClinicDB/Ground Truth/136.tif,9
136,137.tif,137,7,D:/Downloads/Datasets/archive/CVC-ClinicDB/Original/137.tif,D:/Downloads/Datasets/archive/CVC-ClinicDB/Ground Truth/137.tif,3
137,138.tif,138,7,D:/Downloads/Datasets/archive/CVC-ClinicDB/Original/138.tif,D:/Downloads/Datasets/archive/CVC-ClinicDB/Ground Truth/138.tif,6
138,139.tif,139,7,D:/Downloads/Datasets/archive/CVC-ClinicDB/Original/139.tif,D:/Downloads/Datasets/archive/CVC-ClinicDB/Ground Truth/139.tif,5
139,140.tif,140,7,D:/Downloads/Datasets/archive/CVC-ClinicDB/Original/140.tif,D:/Downloads/Datasets/archive/CVC-ClinicDB/Ground Truth/140.tif,9
140,141.tif,141,7,D:/Downloads/Datasets/archive/CVC-ClinicDB/Original/141.tif,D:/Downloads/Datasets/archive/CVC-ClinicDB/Ground Truth/141.tif,10
141,142.tif,142,7,D:/Downloads/Datasets/archive/CVC-ClinicDB/Original/142.tif,D:/Downloads/Datasets/archive/CVC-ClinicDB/Ground Truth/142.tif,2
142,143.tif,143,7,D:/Downloads/Datasets/archive/CVC-ClinicDB/Original/143.tif,D:/Downloads/Datasets/archive/CVC-ClinicDB/Ground Truth/143.tif,5
143,144.tif,144,7,D:/Downloads/Datasets/archive/CVC-ClinicDB/Original/144.tif,D:/Downloads/Datasets/archive/CVC-ClinicDB/Ground Truth/144.tif,1
144,145.tif,145,7,D:/Downloads/Datasets/archive/CVC-ClinicDB/Original/145.tif,D:/Downloads/Datasets/archive/CVC-ClinicDB/Ground Truth/145.tif,8
145,146.tif,146,7,D:/Downloads/Datasets/archive/CVC-ClinicDB/Original/146.tif,D:/Downloads/Datasets/archive/CVC-ClinicDB/Ground Truth/146.tif,3
146,147.tif,147,7,D:/Downloads/Datasets/archive/CVC-ClinicDB/Original/147.tif,D:/Downloads/Datasets/archive/CVC-ClinicDB/Ground Truth/147.tif,4
147,148.tif,148,7,D:/Downloads/Datasets/archive/CVC-ClinicDB/Original/148.tif,D:/Downloads/Datasets/archive/CVC-ClinicDB/Ground Truth/148.tif,1
148,149.tif,149,7,D:/Downloads/Datasets/archive/CVC-ClinicDB/Original/149.tif,D:/Downloads/Datasets/archive/CVC-ClinicDB/Ground Truth/149.tif,7
149,150.tif,150,7,D:/Downloads/Datasets/archive/CVC-ClinicDB/Original/150.tif,D:/Downloads/Datasets/archive/CVC-ClinicDB/Ground Truth/150.tif,10
150,151.tif,151,7,D:/Downloads/Datasets/archive/CVC-ClinicDB/Original/151.tif,D:/Downloads/Datasets/archive/CVC-ClinicDB/Ground Truth/151.tif,2
151,152.tif,152,8,D:/Downloads/Datasets/archive/CVC-ClinicDB/Original/152.tif,D:/Downloads/Datasets/archive/CVC-ClinicDB/Ground Truth/152.tif,3
152,153.tif,153,8,D:/Downloads/Datasets/archive/CVC-ClinicDB/Original/153.tif,D:/Downloads/Datasets/archive/CVC-ClinicDB/Ground Truth/153.tif,10
153,154.tif,154,8,D:/Downloads/Datasets/archive/CVC-ClinicDB/Original/154.tif,D:/Downloads/Datasets/archive/CVC-ClinicDB/Ground Truth/154.tif,5
154,155.tif,155,8,D:/Downloads/Datasets/archive/CVC-ClinicDB/Original/155.tif,D:/Downloads/Datasets/archive/CVC-ClinicDB/Ground Truth/155.tif,2
155,156.tif,156,8,D:/Downloads/Datasets/archive/CVC-ClinicDB/Original/156.tif,D:/Downloads/Datasets/archive/CVC-ClinicDB/Ground Truth/156.tif,10
156,157.tif,157,8,D:/Downloads/Datasets/archive/CVC-ClinicDB/Original/157.tif,D:/Downloads/Datasets/archive/CVC-ClinicDB/Ground Truth/157.tif,9
157,158.tif,158,8,D:/Downloads/Datasets/archive/CVC-ClinicDB/Original/158.tif,D:/Downloads/Datasets/archive/CVC-ClinicDB/Ground Truth/158.tif,2
158,159.tif,159,8,D:/Downloads/Datasets/archive/CVC-ClinicDB/Original/159.tif,D:/Downloads/Datasets/archive/CVC-ClinicDB/Ground Truth/159.tif,2
159,160.tif,160,8,D:/Downloads/Datasets/archive/CVC-ClinicDB/Original/160.tif,D:/Downloads/Datasets/archive/CVC-ClinicDB/Ground Truth/160.tif,4
160,161.tif,161,8,D:/Downloads/Datasets/archive/CVC-ClinicDB/Original/161.tif,D:/Downloads/Datasets/archive/CVC-ClinicDB/Ground Truth/161.tif,3
161,162.tif,162,8,D:/Downloads/Datasets/archive/CVC-ClinicDB/Original/162.tif,D:/Downloads/Datasets/archive/CVC-ClinicDB/Ground Truth/162.tif,6
162,163.tif,163,8,D:/Downloads/Datasets/archive/CVC-ClinicDB/Original/163.tif,D:/Downloads/Datasets/archive/CVC-ClinicDB/Ground Truth/163.tif,6
163,164.tif,164,8,D:/Downloads/Datasets/archive/CVC-ClinicDB/Original/164.tif,D:/Downloads/Datasets/archive/CVC-ClinicDB/Ground Truth/164.tif,5
164,165.tif,165,8,D:/Downloads/Datasets/archive/CVC-ClinicDB/Original/165.tif,D:/Downloads/Datasets/archive/CVC-ClinicDB/Ground Truth/165.tif,7
165,166.tif,166,8,D:/Downloads/Datasets/archive/CVC-ClinicDB/Original/166.tif,D:/Downloads/Datasets/archive/CVC-ClinicDB/Ground Truth/166.tif,8
166,167.tif,167,8,D:/Downloads/Datasets/archive/CVC-ClinicDB/Original/167.tif,D:/Downloads/Datasets/archive/CVC-ClinicDB/Ground Truth/167.tif,6
167,168.tif,168,8,D:/Downloads/Datasets/archive/CVC-ClinicDB/Original/168.tif,D:/Downloads/Datasets/archive/CVC-ClinicDB/Ground Truth/168.tif,4
168,169.tif,169,8,D:/Downloads/Datasets/archive/CVC-ClinicDB/Original/169.tif,D:/Downloads/Datasets/archive/CVC-ClinicDB/Ground Truth/169.tif,3
169,170.tif,170,8,D:/Downloads/Datasets/archive/CVC-ClinicDB/Original/170.tif,D:/Downloads/Datasets/archive/CVC-ClinicDB/Ground Truth/170.tif,1
170,171.tif,171,8,D:/Downloads/Datasets/archive/CVC-ClinicDB/Original/171.tif,D:/Downloads/Datasets/archive/CVC-ClinicDB/Ground Truth/171.tif,8
171,172.tif,172,8,D:/Downloads/Datasets/archive/CVC-ClinicDB/Original/172.tif,D:/Downloads/Datasets/archive/CVC-ClinicDB/Ground Truth/172.tif,4
172,173.tif,173,8,D:/Downloads/Datasets/archive/CVC-ClinicDB/Original/173.tif,D:/Downloads/Datasets/archive/CVC-ClinicDB/Ground Truth/173.tif,1
173,174.tif,174,8,D:/Downloads/Datasets/archive/CVC-ClinicDB/Original/174.tif,D:/Downloads/Datasets/archive/CVC-ClinicDB/Ground Truth/174.tif,1
174,175.tif,175,8,D:/Downloads/Datasets/archive/CVC-ClinicDB/Original/175.tif,D:/Downloads/Datasets/archive/CVC-ClinicDB/Ground Truth/175.tif,5
175,176.tif,176,8,D:/Downloads/Datasets/archive/CVC-ClinicDB/Original/176.tif,D:/Downloads/Datasets/archive/CVC-ClinicDB/Ground Truth/176.tif,9
176,177.tif,177,8,D:/Downloads/Datasets/archive/CVC-ClinicDB/Original/177.tif,D:/Downloads/Datasets/archive/CVC-ClinicDB/Ground Truth/177.tif,7
177,178.tif,178,9,D:/Downloads/Datasets/archive/CVC-ClinicDB/Original/178.tif,D:/Downloads/Datasets/archive/CVC-ClinicDB/Ground Truth/178.tif,1
178,179.tif,179,9,D:/Downloads/Datasets/archive/CVC-ClinicDB/Original/179.tif,D:/Downloads/Datasets/archive/CVC-ClinicDB/Ground Truth/179.tif,1
179,180.tif,180,9,D:/Downloads/Datasets/archive/CVC-ClinicDB/Original/180.tif,D:/Downloads/Datasets/archive/CVC-ClinicDB/Ground Truth/180.tif,7
180,181.tif,181,9,D:/Downloads/Datasets/archive/CVC-ClinicDB/Original/181.tif,D:/Downloads/Datasets/archive/CVC-ClinicDB/Ground Truth/181.tif,10
181,182.tif,182,9,D:/Downloads/Datasets/archive/CVC-ClinicDB/Original/182.tif,D:/Downloads/Datasets/archive/CVC-ClinicDB/Ground Truth/182.tif,8
182,183.tif,183,9,D:/Downloads/Datasets/archive/CVC-ClinicDB/Original/183.tif,D:/Downloads/Datasets/archive/CVC-ClinicDB/Ground Truth/183.tif,2
183,184.tif,184,9,D:/Downloads/Datasets/archive/CVC-ClinicDB/Original/184.tif,D:/Downloads/Datasets/archive/CVC-ClinicDB/Ground Truth/184.tif,4
184,185.tif,185,9,D:/Downloads/Datasets/archive/CVC-ClinicDB/Original/185.tif,D:/Downloads/Datasets/archive/CVC-ClinicDB/Ground Truth/185.tif,7
185,186.tif,186,9,D:/Downloads/Datasets/archive/CVC-ClinicDB/Original/186.tif,D:/Downloads/Datasets/archive/CVC-ClinicDB/Ground Truth/186.tif,3
186,187.tif,187,9,D:/Downloads/Datasets/archive/CVC-ClinicDB/Original/187.tif,D:/Downloads/Datasets/archive/CVC-ClinicDB/Ground Truth/187.tif,4
187,188.tif,188,9,D:/Downloads/Datasets/archive/CVC-ClinicDB/Original/188.tif,D:/Downloads/Datasets/archive/CVC-ClinicDB/Ground Truth/188.tif,6
188,189.tif,189,9,D:/Downloads/Datasets/archive/CVC-ClinicDB/Original/189.tif,D:/Downloads/Datasets/archive/CVC-ClinicDB/Ground Truth/189.tif,5
189,190.tif,190,9,D:/Downloads/Datasets/archive/CVC-ClinicDB/Original/190.tif,D:/Downloads/Datasets/archive/CVC-ClinicDB/Ground Truth/190.tif,2
190,191.tif,191,9,D:/Downloads/Datasets/archive/CVC-ClinicDB/Original/191.tif,D:/Downloads/Datasets/archive/CVC-ClinicDB/Ground Truth/191.tif,2
191,192.tif,192,9,D:/Downloads/Datasets/archive/CVC-ClinicDB/Original/192.tif,D:/Downloads/Datasets/archive/CVC-ClinicDB/Ground Truth/192.tif,5
192,193.tif,193,9,D:/Downloads/Datasets/archive/CVC-ClinicDB/Original/193.tif,D:/Downloads/Datasets/archive/CVC-ClinicDB/Ground Truth/193.tif,10
193,194.tif,194,9,D:/Downloads/Datasets/archive/CVC-ClinicDB/Original/194.tif,D:/Downloads/Datasets/archive/CVC-ClinicDB/Ground Truth/194.tif,9
194,195.tif,195,9,D:/Downloads/Datasets/archive/CVC-ClinicDB/Original/195.tif,D:/Downloads/Datasets/archive/CVC-ClinicDB/Ground Truth/195.tif,9
195,196.tif,196,9,D:/Downloads/Datasets/archive/CVC-ClinicDB/Original/196.tif,D:/Downloads/Datasets/archive/CVC-ClinicDB/Ground Truth/196.tif,6
196,197.tif,197,9,D:/Downloads/Datasets/archive/CVC-ClinicDB/Original/197.tif,D:/Downloads/Datasets/archive/CVC-ClinicDB/Ground Truth/197.tif,3
197,198.tif,198,9,D:/Downloads/Datasets/archive/CVC-ClinicDB/Original/198.tif,D:/Downloads/Datasets/archive/CVC-ClinicDB/Ground Truth/198.tif,8
198,199.tif,199,9,D:/Downloads/Datasets/archive/CVC-ClinicDB/Original/199.tif,D:/Downloads/Datasets/archive/CVC-ClinicDB/Ground Truth/199.tif,1
199,200.tif,200,10,D:/Downloads/Datasets/archive/CVC-ClinicDB/Original/200.tif,D:/Downloads/Datasets/archive/CVC-ClinicDB/Ground Truth/200.tif,3
200,201.tif,201,10,D:/Downloads/Datasets/archive/CVC-ClinicDB/Original/201.tif,D:/Downloads/Datasets/archive/CVC-ClinicDB/Ground Truth/201.tif,5
201,202.tif,202,10,D:/Downloads/Datasets/archive/CVC-ClinicDB/Original/202.tif,D:/Downloads/Datasets/archive/CVC-ClinicDB/Ground Truth/202.tif,6
202,203.tif,203,10,D:/Downloads/Datasets/archive/CVC-ClinicDB/Original/203.tif,D:/Downloads/Datasets/archive/CVC-ClinicDB/Ground Truth/203.tif,2
203,204.tif,204,10,D:/Downloads/Datasets/archive/CVC-ClinicDB/Original/204.tif,D:/Downloads/Datasets/archive/CVC-ClinicDB/Ground Truth/204.tif,4
204,205.tif,205,10,D:/Downloads/Datasets/archive/CVC-ClinicDB/Original/205.tif,D:/Downloads/Datasets/archive/CVC-ClinicDB/Ground Truth/205.tif,1
205,206.tif,206,11,D:/Downloads/Datasets/archive/CVC-ClinicDB/Original/206.tif,D:/Downloads/Datasets/archive/CVC-ClinicDB/Ground Truth/206.tif,2
206,207.tif,207,11,D:/Downloads/Datasets/archive/CVC-ClinicDB/Original/207.tif,D:/Downloads/Datasets/archive/CVC-ClinicDB/Ground Truth/207.tif,1
207,208.tif,208,11,D:/Downloads/Datasets/archive/CVC-ClinicDB/Original/208.tif,D:/Downloads/Datasets/archive/CVC-ClinicDB/Ground Truth/208.tif,9
208,209.tif,209,11,D:/Downloads/Datasets/archive/CVC-ClinicDB/Original/209.tif,D:/Downloads/Datasets/archive/CVC-ClinicDB/Ground Truth/209.tif,3
209,210.tif,210,11,D:/Downloads/Datasets/archive/CVC-ClinicDB/Original/210.tif,D:/Downloads/Datasets/archive/CVC-ClinicDB/Ground Truth/210.tif,9
210,211.tif,211,11,D:/Downloads/Datasets/archive/CVC-ClinicDB/Original/211.tif,D:/Downloads/Datasets/archive/CVC-ClinicDB/Ground Truth/211.tif,10
211,212.tif,212,11,D:/Downloads/Datasets/archive/CVC-ClinicDB/Original/212.tif,D:/Downloads/Datasets/archive/CVC-ClinicDB/Ground Truth/212.tif,5
212,213.tif,213,11,D:/Downloads/Datasets/archive/CVC-ClinicDB/Original/213.tif,D:/Downloads/Datasets/archive/CVC-ClinicDB/Ground Truth/213.tif,3
213,214.tif,214,11,D:/Downloads/Datasets/archive/CVC-ClinicDB/Original/214.tif,D:/Downloads/Datasets/archive/CVC-ClinicDB/Ground Truth/214.tif,8
214,215.tif,215,11,D:/Downloads/Datasets/archive/CVC-ClinicDB/Original/215.tif,D:/Downloads/Datasets/archive/CVC-ClinicDB/Ground Truth/215.tif,5
215,216.tif,216,11,D:/Downloads/Datasets/archive/CVC-ClinicDB/Original/216.tif,D:/Downloads/Datasets/archive/CVC-ClinicDB/Ground Truth/216.tif,6
216,217.tif,217,11,D:/Downloads/Datasets/archive/CVC-ClinicDB/Original/217.tif,D:/Downloads/Datasets/archive/CVC-ClinicDB/Ground Truth/217.tif,6
217,218.tif,218,11,D:/Downloads/Datasets/archive/CVC-ClinicDB/Original/218.tif,D:/Downloads/Datasets/archive/CVC-ClinicDB/Ground Truth/218.tif,1
218,219.tif,219,11,D:/Downloads/Datasets/archive/CVC-ClinicDB/Original/219.tif,D:/Downloads/Datasets/archive/CVC-ClinicDB/Ground Truth/219.tif,7
219,220.tif,220,11,D:/Downloads/Datasets/archive/CVC-ClinicDB/Original/220.tif,D:/Downloads/Datasets/archive/CVC-ClinicDB/Ground Truth/220.tif,2
220,221.tif,221,11,D:/Downloads/Datasets/archive/CVC-ClinicDB/Original/221.tif,D:/Downloads/Datasets/archive/CVC-ClinicDB/Ground Truth/221.tif,10
221,222.tif,222,11,D:/Downloads/Datasets/archive/CVC-ClinicDB/Original/222.tif,D:/Downloads/Datasets/archive/CVC-ClinicDB/Ground Truth/222.tif,8
222,223.tif,223,11,D:/Downloads/Datasets/archive/CVC-ClinicDB/Original/223.tif,D:/Downloads/Datasets/archive/CVC-ClinicDB/Ground Truth/223.tif,2
223,224.tif,224,11,D:/Downloads/Datasets/archive/CVC-ClinicDB/Original/224.tif,D:/Downloads/Datasets/archive/CVC-ClinicDB/Ground Truth/224.tif,1
224,225.tif,225,11,D:/Downloads/Datasets/archive/CVC-ClinicDB/Original/225.tif,D:/Downloads/Datasets/archive/CVC-ClinicDB/Ground Truth/225.tif,7
225,226.tif,226,11,D:/Downloads/Datasets/archive/CVC-ClinicDB/Original/226.tif,D:/Downloads/Datasets/archive/CVC-ClinicDB/Ground Truth/226.tif,4
226,227.tif,227,11,D:/Downloads/Datasets/archive/CVC-ClinicDB/Original/227.tif,D:/Downloads/Datasets/archive/CVC-ClinicDB/Ground Truth/227.tif,4
227,228.tif,228,12,D:/Downloads/Datasets/archive/CVC-ClinicDB/Original/228.tif,D:/Downloads/Datasets/archive/CVC-ClinicDB/Ground Truth/228.tif,6
228,229.tif,229,12,D:/Downloads/Datasets/archive/CVC-ClinicDB/Original/229.tif,D:/Downloads/Datasets/archive/CVC-ClinicDB/Ground Truth/229.tif,3
229,230.tif,230,12,D:/Downloads/Datasets/archive/CVC-ClinicDB/Original/230.tif,D:/Downloads/Datasets/archive/CVC-ClinicDB/Ground Truth/230.tif,3
230,231.tif,231,12,D:/Downloads/Datasets/archive/CVC-ClinicDB/Original/231.tif,D:/Downloads/Datasets/archive/CVC-ClinicDB/Ground Truth/231.tif,7
231,232.tif,232,12,D:/Downloads/Datasets/archive/CVC-ClinicDB/Original/232.tif,D:/Downloads/Datasets/archive/CVC-ClinicDB/Ground Truth/232.tif,10
232,233.tif,233,12,D:/Downloads/Datasets/archive/CVC-ClinicDB/Original/233.tif,D:/Downloads/Datasets/archive/CVC-ClinicDB/Ground Truth/233.tif,1
233,234.tif,234,12,D:/Downloads/Datasets/archive/CVC-ClinicDB/Original/234.tif,D:/Downloads/Datasets/archive/CVC-ClinicDB/Ground Truth/234.tif,2
234,235.tif,235,12,D:/Downloads/Datasets/archive/CVC-ClinicDB/Original/235.tif,D:/Downloads/Datasets/archive/CVC-ClinicDB/Ground Truth/235.tif,4
235,236.tif,236,12,D:/Downloads/Datasets/archive/CVC-ClinicDB/Original/236.tif,D:/Downloads/Datasets/archive/CVC-ClinicDB/Ground Truth/236.tif,4
236,237.tif,237,12,D:/Downloads/Datasets/archive/CVC-ClinicDB/Original/237.tif,D:/Downloads/Datasets/archive/CVC-ClinicDB/Ground Truth/237.tif,1
237,238.tif,238,12,D:/Downloads/Datasets/archive/CVC-ClinicDB/Original/238.tif,D:/Downloads/Datasets/archive/CVC-ClinicDB/Ground Truth/238.tif,6
238,239.tif,239,12,D:/Downloads/Datasets/archive/CVC-ClinicDB/Original/239.tif,D:/Downloads/Datasets/archive/CVC-ClinicDB/Ground Truth/239.tif,10
239,240.tif,240,12,D:/Downloads/Datasets/archive/CVC-ClinicDB/Original/240.tif,D:/Downloads/Datasets/archive/CVC-ClinicDB/Ground Truth/240.tif,3
240,241.tif,241,12,D:/Downloads/Datasets/archive/CVC-ClinicDB/Original/241.tif,D:/Downloads/Datasets/archive/CVC-ClinicDB/Ground Truth/241.tif,1
241,242.tif,242,12,D:/Downloads/Datasets/archive/CVC-ClinicDB/Original/242.tif,D:/Downloads/Datasets/archive/CVC-ClinicDB/Ground Truth/242.tif,5
242,243.tif,243,12,D:/Downloads/Datasets/archive/CVC-ClinicDB/Original/243.tif,D:/Downloads/Datasets/archive/CVC-ClinicDB/Ground Truth/243.tif,4
243,244.tif,244,12,D:/Downloads/Datasets/archive/CVC-ClinicDB/Original/244.tif,D:/Downloads/Datasets/archive/CVC-ClinicDB/Ground Truth/244.tif,5
244,245.tif,245,12,D:/Downloads/Datasets/archive/CVC-ClinicDB/Original/245.tif,D:/Downloads/Datasets/archive/CVC-ClinicDB/Ground Truth/245.tif,8
245,246.tif,246,12,D:/Downloads/Datasets/archive/CVC-ClinicDB/Original/246.tif,D:/Downloads/Datasets/archive/CVC-ClinicDB/Ground Truth/246.tif,9
246,247.tif,247,12,D:/Downloads/Datasets/archive/CVC-ClinicDB/Original/247.tif,D:/Downloads/Datasets/archive/CVC-ClinicDB/Ground Truth/247.tif,8
247,248.tif,248,12,D:/Downloads/Datasets/archive/CVC-ClinicDB/Original/248.tif,D:/Downloads/Datasets/archive/CVC-ClinicDB/Ground Truth/248.tif,2
248,249.tif,249,12,D:/Downloads/Datasets/archive/CVC-ClinicDB/Original/249.tif,D:/Downloads/Datasets/archive/CVC-ClinicDB/Ground Truth/249.tif,2
249,250.tif,250,12,D:/Downloads/Datasets/archive/CVC-ClinicDB/Original/250.tif,D:/Downloads/Datasets/archive/CVC-ClinicDB/Ground Truth/250.tif,7
250,251.tif,251,12,D:/Downloads/Datasets/archive/CVC-ClinicDB/Original/251.tif,D:/Downloads/Datasets/archive/CVC-ClinicDB/Ground Truth/251.tif,5
251,252.tif,252,12,D:/Downloads/Datasets/archive/CVC-ClinicDB/Original/252.tif,D:/Downloads/Datasets/archive/CVC-ClinicDB/Ground Truth/252.tif,9
252,253.tif,253,13,D:/Downloads/Datasets/archive/CVC-ClinicDB/Original/253.tif,D:/Downloads/Datasets/archive/CVC-ClinicDB/Ground Truth/253.tif,9
253,254.tif,254,13,D:/Downloads/Datasets/archive/CVC-ClinicDB/Original/254.tif,D:/Downloads/Datasets/archive/CVC-ClinicDB/Ground Truth/254.tif,7
254,255.tif,255,13,D:/Downloads/Datasets/archive/CVC-ClinicDB/Original/255.tif,D:/Downloads/Datasets/archive/CVC-ClinicDB/Ground Truth/255.tif,3
255,256.tif,256,13,D:/Downloads/Datasets/archive/CVC-ClinicDB/Original/256.tif,D:/Downloads/Datasets/archive/CVC-ClinicDB/Ground Truth/256.tif,1
256,257.tif,257,13,D:/Downloads/Datasets/archive/CVC-ClinicDB/Original/257.tif,D:/Downloads/Datasets/archive/CVC-ClinicDB/Ground Truth/257.tif,4
257,258.tif,258,13,D:/Downloads/Datasets/archive/CVC-ClinicDB/Original/258.tif,D:/Downloads/Datasets/archive/CVC-ClinicDB/Ground Truth/258.tif,1
258,259.tif,259,13,D:/Downloads/Datasets/archive/CVC-ClinicDB/Original/259.tif,D:/Downloads/Datasets/archive/CVC-ClinicDB/Ground Truth/259.tif,9
259,260.tif,260,13,D:/Downloads/Datasets/archive/CVC-ClinicDB/Original/260.tif,D:/Downloads/Datasets/archive/CVC-ClinicDB/Ground Truth/260.tif,7
260,261.tif,261,13,D:/Downloads/Datasets/archive/CVC-ClinicDB/Original/261.tif,D:/Downloads/Datasets/archive/CVC-ClinicDB/Ground Truth/261.tif,6
261,262.tif,262,13,D:/Downloads/Datasets/archive/CVC-ClinicDB/Original/262.tif,D:/Downloads/Datasets/archive/CVC-ClinicDB/Ground Truth/262.tif,6
262,263.tif,263,13,D:/Downloads/Datasets/archive/CVC-ClinicDB/Original/263.tif,D:/Downloads/Datasets/archive/CVC-ClinicDB/Ground Truth/263.tif,2
263,264.tif,264,13,D:/Downloads/Datasets/archive/CVC-ClinicDB/Original/264.tif,D:/Downloads/Datasets/archive/CVC-ClinicDB/Ground Truth/264.tif,3
264,265.tif,265,13,D:/Downloads/Datasets/archive/CVC-ClinicDB/Original/265.tif,D:/Downloads/Datasets/archive/CVC-ClinicDB/Ground Truth/265.tif,1
265,266.tif,266,13,D:/Downloads/Datasets/archive/CVC-ClinicDB/Original/266.tif,D:/Downloads/Datasets/archive/CVC-ClinicDB/Ground Truth/266.tif,3
266,267.tif,267,13,D:/Downloads/Datasets/archive/CVC-ClinicDB/Original/267.tif,D:/Downloads/Datasets/archive/CVC-ClinicDB/Ground Truth/267.tif,2
267,268.tif,268,13,D:/Downloads/Datasets/archive/CVC-ClinicDB/Original/268.tif,D:/Downloads/Datasets/archive/CVC-ClinicDB/Ground Truth/268.tif,5
268,269.tif,269,13,D:/Downloads/Datasets/archive/CVC-ClinicDB/Original/269.tif,D:/Downloads/Datasets/archive/CVC-ClinicDB/Ground Truth/269.tif,4
269,270.tif,270,13,D:/Downloads/Datasets/archive/CVC-ClinicDB/Original/270.tif,D:/Downloads/Datasets/archive/CVC-ClinicDB/Ground Truth/270.tif,4
270,271.tif,271,13,D:/Downloads/Datasets/archive/CVC-ClinicDB/Original/271.tif,D:/Downloads/Datasets/archive/CVC-ClinicDB/Ground Truth/271.tif,10
271,272.tif,272,13,D:/Downloads/Datasets/archive/CVC-ClinicDB/Original/272.tif,D:/Downloads/Datasets/archive/CVC-ClinicDB/Ground Truth/272.tif,2
272,273.tif,273,13,D:/Downloads/Datasets/archive/CVC-ClinicDB/Original/273.tif,D:/Downloads/Datasets/archive/CVC-ClinicDB/Ground Truth/273.tif,8
273,274.tif,274,13,D:/Downloads/Datasets/archive/CVC-ClinicDB/Original/274.tif,D:/Downloads/Datasets/archive/CVC-ClinicDB/Ground Truth/274.tif,8
274,275.tif,275,13,D:/Downloads/Datasets/archive/CVC-ClinicDB/Original/275.tif,D:/Downloads/Datasets/archive/CVC-ClinicDB/Ground Truth/275.tif,5
275,276.tif,276,13,D:/Downloads/Datasets/archive/CVC-ClinicDB/Original/276.tif,D:/Downloads/Datasets/archive/CVC-ClinicDB/Ground Truth/276.tif,5
276,277.tif,277,13,D:/Downloads/Datasets/archive/CVC-ClinicDB/Original/277.tif,D:/Downloads/Datasets/archive/CVC-ClinicDB/Ground Truth/277.tif,10
277,278.tif,278,14,D:/Downloads/Datasets/archive/CVC-ClinicDB/Original/278.tif,D:/Downloads/Datasets/archive/CVC-ClinicDB/Ground Truth/278.tif,6
278,279.tif,279,14,D:/Downloads/Datasets/archive/CVC-ClinicDB/Original/279.tif,D:/Downloads/Datasets/archive/CVC-ClinicDB/Ground Truth/279.tif,1
279,280.tif,280,14,D:/Downloads/Datasets/archive/CVC-ClinicDB/Original/280.tif,D:/Downloads/Datasets/archive/CVC-ClinicDB/Ground Truth/280.tif,8
280,281.tif,281,14,D:/Downloads/Datasets/archive/CVC-ClinicDB/Original/281.tif,D:/Downloads/Datasets/archive/CVC-ClinicDB/Ground Truth/281.tif,9
281,282.tif,282,14,D:/Downloads/Datasets/archive/CVC-ClinicDB/Original/282.tif,D:/Downloads/Datasets/archive/CVC-ClinicDB/Ground Truth/282.tif,6
282,283.tif,283,14,D:/Downloads/Datasets/archive/CVC-ClinicDB/Original/283.tif,D:/Downloads/Datasets/archive/CVC-ClinicDB/Ground Truth/283.tif,7
283,284.tif,284,14,D:/Downloads/Datasets/archive/CVC-ClinicDB/Original/284.tif,D:/Downloads/Datasets/archive/CVC-ClinicDB/Ground Truth/284.tif,4
284,285.tif,285,14,D:/Downloads/Datasets/archive/CVC-ClinicDB/Original/285.tif,D:/Downloads/Datasets/archive/CVC-ClinicDB/Ground Truth/285.tif,5
285,286.tif,286,14,D:/Downloads/Datasets/archive/CVC-ClinicDB/Original/286.tif,D:/Downloads/Datasets/archive/CVC-ClinicDB/Ground Truth/286.tif,5
286,287.tif,287,14,D:/Downloads/Datasets/archive/CVC-ClinicDB/Original/287.tif,D:/Downloads/Datasets/archive/CVC-ClinicDB/Ground Truth/287.tif,8
287,288.tif,288,14,D:/Downloads/Datasets/archive/CVC-ClinicDB/Original/288.tif,D:/Downloads/Datasets/archive/CVC-ClinicDB/Ground Truth/288.tif,2
288,289.tif,289,14,D:/Downloads/Datasets/archive/CVC-ClinicDB/Original/289.tif,D:/Downloads/Datasets/archive/CVC-ClinicDB/Ground Truth/289.tif,10
289,290.tif,290,14,D:/Downloads/Datasets/archive/CVC-ClinicDB/Original/290.tif,D:/Downloads/Datasets/archive/CVC-ClinicDB/Ground Truth/290.tif,1
290,291.tif,291,14,D:/Downloads/Datasets/archive/CVC-ClinicDB/Original/291.tif,D:/Downloads/Datasets/archive/CVC-ClinicDB/Ground Truth/291.tif,3
291,292.tif,292,14,D:/Downloads/Datasets/archive/CVC-ClinicDB/Original/292.tif,D:/Downloads/Datasets/archive/CVC-ClinicDB/Ground Truth/292.tif,2
292,293.tif,293,14,D:/Downloads/Datasets/archive/CVC-ClinicDB/Original/293.tif,D:/Downloads/Datasets/archive/CVC-ClinicDB/Ground Truth/293.tif,4
293,294.tif,294,14,D:/Downloads/Datasets/archive/CVC-ClinicDB/Original/294.tif,D:/Downloads/Datasets/archive/CVC-ClinicDB/Ground Truth/294.tif,7
294,295.tif,295,14,D:/Downloads/Datasets/archive/CVC-ClinicDB/Original/295.tif,D:/Downloads/Datasets/archive/CVC-ClinicDB/Ground Truth/295.tif,3
295,296.tif,296,14,D:/Downloads/Datasets/archive/CVC-ClinicDB/Original/296.tif,D:/Downloads/Datasets/archive/CVC-ClinicDB/Ground Truth/296.tif,10
296,297.tif,297,14,D:/Downloads/Datasets/archive/CVC-ClinicDB/Original/297.tif,D:/Downloads/Datasets/archive/CVC-ClinicDB/Ground Truth/297.tif,9
297,298.tif,298,15,D:/Downloads/Datasets/archive/CVC-ClinicDB/Original/298.tif,D:/Downloads/Datasets/archive/CVC-ClinicDB/Ground Truth/298.tif,3
298,299.tif,299,15,D:/Downloads/Datasets/archive/CVC-ClinicDB/Original/299.tif,D:/Downloads/Datasets/archive/CVC-ClinicDB/Ground Truth/299.tif,7
299,300.tif,300,15,D:/Downloads/Datasets/archive/CVC-ClinicDB/Original/300.tif,D:/Downloads/Datasets/archive/CVC-ClinicDB/Ground Truth/300.tif,9
300,301.tif,301,15,D:/Downloads/Datasets/archive/CVC-ClinicDB/Original/301.tif,D:/Downloads/Datasets/archive/CVC-ClinicDB/Ground Truth/301.tif,10
301,302.tif,302,15,D:/Downloads/Datasets/archive/CVC-ClinicDB/Original/302.tif,D:/Downloads/Datasets/archive/CVC-ClinicDB/Ground Truth/302.tif,3
302,303.tif,303,15,D:/Downloads/Datasets/archive/CVC-ClinicDB/Original/303.tif,D:/Downloads/Datasets/archive/CVC-ClinicDB/Ground Truth/303.tif,1
303,304.tif,304,15,D:/Downloads/Datasets/archive/CVC-ClinicDB/Original/304.tif,D:/Downloads/Datasets/archive/CVC-ClinicDB/Ground Truth/304.tif,6
304,305.tif,305,15,D:/Downloads/Datasets/archive/CVC-ClinicDB/Original/305.tif,D:/Downloads/Datasets/archive/CVC-ClinicDB/Ground Truth/305.tif,7
305,306.tif,306,15,D:/Downloads/Datasets/archive/CVC-ClinicDB/Original/306.tif,D:/Downloads/Datasets/archive/CVC-ClinicDB/Ground Truth/306.tif,5
306,307.tif,307,15,D:/Downloads/Datasets/archive/CVC-ClinicDB/Original/307.tif,D:/Downloads/Datasets/archive/CVC-ClinicDB/Ground Truth/307.tif,6
307,308.tif,308,15,D:/Downloads/Datasets/archive/CVC-ClinicDB/Original/308.tif,D:/Downloads/Datasets/archive/CVC-ClinicDB/Ground Truth/308.tif,4
308,309.tif,309,15,D:/Downloads/Datasets/archive/CVC-ClinicDB/Original/309.tif,D:/Downloads/Datasets/archive/CVC-ClinicDB/Ground Truth/309.tif,5
309,310.tif,310,15,D:/Downloads/Datasets/archive/CVC-ClinicDB/Original/310.tif,D:/Downloads/Datasets/archive/CVC-ClinicDB/Ground Truth/310.tif,1
310,311.tif,311,15,D:/Downloads/Datasets/archive/CVC-ClinicDB/Original/311.tif,D:/Downloads/Datasets/archive/CVC-ClinicDB/Ground Truth/311.tif,8
311,312.tif,312,15,D:/Downloads/Datasets/archive/CVC-ClinicDB/Original/312.tif,D:/Downloads/Datasets/archive/CVC-ClinicDB/Ground Truth/312.tif,2
312,313.tif,313,15,D:/Downloads/Datasets/archive/CVC-ClinicDB/Original/313.tif,D:/Downloads/Datasets/archive/CVC-ClinicDB/Ground Truth/313.tif,9
313,314.tif,314,15,D:/Downloads/Datasets/archive/CVC-ClinicDB/Original/314.tif,D:/Downloads/Datasets/archive/CVC-ClinicDB/Ground Truth/314.tif,4
314,315.tif,315,15,D:/Downloads/Datasets/archive/CVC-ClinicDB/Original/315.tif,D:/Downloads/Datasets/archive/CVC-ClinicDB/Ground Truth/315.tif,10
315,316.tif,316,15,D:/Downloads/Datasets/archive/CVC-ClinicDB/Original/316.tif,D:/Downloads/Datasets/archive/CVC-ClinicDB/Ground Truth/316.tif,8
316,317.tif,317,15,D:/Downloads/Datasets/archive/CVC-ClinicDB/Original/317.tif,D:/Downloads/Datasets/archive/CVC-ClinicDB/Ground Truth/317.tif,2
317,318.tif,318,16,D:/Downloads/Datasets/archive/CVC-ClinicDB/Original/318.tif,D:/Downloads/Datasets/archive/CVC-ClinicDB/Ground Truth/318.tif,4
318,319.tif,319,16,D:/Downloads/Datasets/archive/CVC-ClinicDB/Original/319.tif,D:/Downloads/Datasets/archive/CVC-ClinicDB/Ground Truth/319.tif,3
319,320.tif,320,16,D:/Downloads/Datasets/archive/CVC-ClinicDB/Original/320.tif,D:/Downloads/Datasets/archive/CVC-ClinicDB/Ground Truth/320.tif,7
320,321.tif,321,16,D:/Downloads/Datasets/archive/CVC-ClinicDB/Original/321.tif,D:/Downloads/Datasets/archive/CVC-ClinicDB/Ground Truth/321.tif,1
321,322.tif,322,16,D:/Downloads/Datasets/archive/CVC-ClinicDB/Original/322.tif,D:/Downloads/Datasets/archive/CVC-ClinicDB/Ground Truth/322.tif,10
322,323.tif,323,16,D:/Downloads/Datasets/archive/CVC-ClinicDB/Original/323.tif,D:/Downloads/Datasets/archive/CVC-ClinicDB/Ground Truth/323.tif,3
323,324.tif,324,16,D:/Downloads/Datasets/archive/CVC-ClinicDB/Original/324.tif,D:/Downloads/Datasets/archive/CVC-ClinicDB/Ground Truth/324.tif,5
324,325.tif,325,16,D:/Downloads/Datasets/archive/CVC-ClinicDB/Original/325.tif,D:/Downloads/Datasets/archive/CVC-ClinicDB/Ground Truth/325.tif,1
325,326.tif,326,16,D:/Downloads/Datasets/archive/CVC-ClinicDB/Original/326.tif,D:/Downloads/Datasets/archive/CVC-ClinicDB/Ground Truth/326.tif,2
326,327.tif,327,16,D:/Downloads/Datasets/archive/CVC-ClinicDB/Original/327.tif,D:/Downloads/Datasets/archive/CVC-ClinicDB/Ground Truth/327.tif,2
327,328.tif,328,16,D:/Downloads/Datasets/archive/CVC-ClinicDB/Original/328.tif,D:/Downloads/Datasets/archive/CVC-ClinicDB/Ground Truth/328.tif,9
328,329.tif,329,16,D:/Downloads/Datasets/archive/CVC-ClinicDB/Original/329.tif,D:/Downloads/Datasets/archive/CVC-ClinicDB/Ground Truth/329.tif,7
329,330.tif,330,16,D:/Downloads/Datasets/archive/CVC-ClinicDB/Original/330.tif,D:/Downloads/Datasets/archive/CVC-ClinicDB/Ground Truth/330.tif,8
330,331.tif,331,16,D:/Downloads/Datasets/archive/CVC-ClinicDB/Original/331.tif,D:/Downloads/Datasets/archive/CVC-ClinicDB/Ground Truth/331.tif,4
331,332.tif,332,16,D:/Downloads/Datasets/archive/CVC-ClinicDB/Original/332.tif,D:/Downloads/Datasets/archive/CVC-ClinicDB/Ground Truth/332.tif,6
332,333.tif,333,16,D:/Downloads/Datasets/archive/CVC-ClinicDB/Original/333.tif,D:/Downloads/Datasets/archive/CVC-ClinicDB/Ground Truth/333.tif,5
333,334.tif,334,16,D:/Downloads/Datasets/archive/CVC-ClinicDB/Original/334.tif,D:/Downloads/Datasets/archive/CVC-ClinicDB/Ground Truth/334.tif,6
334,335.tif,335,16,D:/Downloads/Datasets/archive/CVC-ClinicDB/Original/335.tif,D:/Downloads/Datasets/archive/CVC-ClinicDB/Ground Truth/335.tif,4
335,336.tif,336,16,D:/Downloads/Datasets/archive/CVC-ClinicDB/Original/336.tif,D:/Downloads/Datasets/archive/CVC-ClinicDB/Ground Truth/336.tif,5
336,337.tif,337,16,D:/Downloads/Datasets/archive/CVC-ClinicDB/Original/337.tif,D:/Downloads/Datasets/archive/CVC-ClinicDB/Ground Truth/337.tif,8
337,338.tif,338,16,D:/Downloads/Datasets/archive/CVC-ClinicDB/Original/338.tif,D:/Downloads/Datasets/archive/CVC-ClinicDB/Ground Truth/338.tif,3
338,339.tif,339,16,D:/Downloads/Datasets/archive/CVC-ClinicDB/Original/339.tif,D:/Downloads/Datasets/archive/CVC-ClinicDB/Ground Truth/339.tif,10
339,340.tif,340,16,D:/Downloads/Datasets/archive/CVC-ClinicDB/Original/340.tif,D:/Downloads/Datasets/archive/CVC-ClinicDB/Ground Truth/340.tif,2
340,341.tif,341,16,D:/Downloads/Datasets/archive/CVC-ClinicDB/Original/341.tif,D:/Downloads/Datasets/archive/CVC-ClinicDB/Ground Truth/341.tif,1
341,342.tif,342,16,D:/Downloads/Datasets/archive/CVC-ClinicDB/Original/342.tif,D:/Downloads/Datasets/archive/CVC-ClinicDB/Ground Truth/342.tif,9
342,343.tif,343,17,D:/Downloads/Datasets/archive/CVC-ClinicDB/Original/343.tif,D:/Downloads/Datasets/archive/CVC-ClinicDB/Ground Truth/343.tif,4
343,344.tif,344,17,D:/Downloads/Datasets/archive/CVC-ClinicDB/Original/344.tif,D:/Downloads/Datasets/archive/CVC-ClinicDB/Ground Truth/344.tif,7
344,345.tif,345,17,D:/Downloads/Datasets/archive/CVC-ClinicDB/Original/345.tif,D:/Downloads/Datasets/archive/CVC-ClinicDB/Ground Truth/345.tif,7
345,346.tif,346,17,D:/Downloads/Datasets/archive/CVC-ClinicDB/Original/346.tif,D:/Downloads/Datasets/archive/CVC-ClinicDB/Ground Truth/346.tif,1
346,347.tif,347,17,D:/Downloads/Datasets/archive/CVC-ClinicDB/Original/347.tif,D:/Downloads/Datasets/archive/CVC-ClinicDB/Ground Truth/347.tif,4
347,348.tif,348,17,D:/Downloads/Datasets/archive/CVC-ClinicDB/Original/348.tif,D:/Downloads/Datasets/archive/CVC-ClinicDB/Ground Truth/348.tif,10
348,349.tif,349,17,D:/Downloads/Datasets/archive/CVC-ClinicDB/Original/349.tif,D:/Downloads/Datasets/archive/CVC-ClinicDB/Ground Truth/349.tif,10
349,350.tif,350,17,D:/Downloads/Datasets/archive/CVC-ClinicDB/Original/350.tif,D:/Downloads/Datasets/archive/CVC-ClinicDB/Ground Truth/350.tif,2
350,351.tif,351,17,D:/Downloads/Datasets/archive/CVC-ClinicDB/Original/351.tif,D:/Downloads/Datasets/archive/CVC-ClinicDB/Ground Truth/351.tif,3
351,352.tif,352,17,D:/Downloads/Datasets/archive/CVC-ClinicDB/Original/352.tif,D:/Downloads/Datasets/archive/CVC-ClinicDB/Ground Truth/352.tif,8
352,353.tif,353,17,D:/Downloads/Datasets/archive/CVC-ClinicDB/Original/353.tif,D:/Downloads/Datasets/archive/CVC-ClinicDB/Ground Truth/353.tif,9
353,354.tif,354,17,D:/Downloads/Datasets/archive/CVC-ClinicDB/Original/354.tif,D:/Downloads/Datasets/archive/CVC-ClinicDB/Ground Truth/354.tif,1
354,355.tif,355,17,D:/Downloads/Datasets/archive/CVC-ClinicDB/Original/355.tif,D:/Downloads/Datasets/archive/CVC-ClinicDB/Ground Truth/355.tif,2
355,356.tif,356,17,D:/Downloads/Datasets/archive/CVC-ClinicDB/Original/356.tif,D:/Downloads/Datasets/archive/CVC-ClinicDB/Ground Truth/356.tif,6
356,357.tif,357,17,D:/Downloads/Datasets/archive/CVC-ClinicDB/Original/357.tif,D:/Downloads/Datasets/archive/CVC-ClinicDB/Ground Truth/357.tif,8
357,358.tif,358,17,D:/Downloads/Datasets/archive/CVC-ClinicDB/Original/358.tif,D:/Downloads/Datasets/archive/CVC-ClinicDB/Ground Truth/358.tif,1
358,359.tif,359,17,D:/Downloads/Datasets/archive/CVC-ClinicDB/Original/359.tif,D:/Downloads/Datasets/archive/CVC-ClinicDB/Ground Truth/359.tif,5
359,360.tif,360,17,D:/Downloads/Datasets/archive/CVC-ClinicDB/Original/360.tif,D:/Downloads/Datasets/archive/CVC-ClinicDB/Ground Truth/360.tif,9
360,361.tif,361,17,D:/Downloads/Datasets/archive/CVC-ClinicDB/Original/361.tif,D:/Downloads/Datasets/archive/CVC-ClinicDB/Ground Truth/361.tif,5
361,362.tif,362,17,D:/Downloads/Datasets/archive/CVC-ClinicDB/Original/362.tif,D:/Downloads/Datasets/archive/CVC-ClinicDB/Ground Truth/362.tif,3
362,363.tif,363,17,D:/Downloads/Datasets/archive/CVC-ClinicDB/Original/363.tif,D:/Downloads/Datasets/archive/CVC-ClinicDB/Ground Truth/363.tif,6
363,364.tif,364,18,D:/Downloads/Datasets/archive/CVC-ClinicDB/Original/364.tif,D:/Downloads/Datasets/archive/CVC-ClinicDB/Ground Truth/364.tif,2
364,365.tif,365,18,D:/Downloads/Datasets/archive/CVC-ClinicDB/Original/365.tif,D:/Downloads/Datasets/archive/CVC-ClinicDB/Ground Truth/365.tif,9
365,366.tif,366,18,D:/Downloads/Datasets/archive/CVC-ClinicDB/Original/366.tif,D:/Downloads/Datasets/archive/CVC-ClinicDB/Ground Truth/366.tif,3
366,367.tif,367,18,D:/Downloads/Datasets/archive/CVC-ClinicDB/Original/367.tif,D:/Downloads/Datasets/archive/CVC-ClinicDB/Ground Truth/367.tif,5
367,368.tif,368,18,D:/Downloads/Datasets/archive/CVC-ClinicDB/Original/368.tif,D:/Downloads/Datasets/archive/CVC-ClinicDB/Ground Truth/368.tif,8
368,369.tif,369,18,D:/Downloads/Datasets/archive/CVC-ClinicDB/Original/369.tif,D:/Downloads/Datasets/archive/CVC-ClinicDB/Ground Truth/369.tif,4
369,370.tif,370,18,D:/Downloads/Datasets/archive/CVC-ClinicDB/Original/370.tif,D:/Downloads/Datasets/archive/CVC-ClinicDB/Ground Truth/370.tif,1
370,371.tif,371,18,D:/Downloads/Datasets/archive/CVC-ClinicDB/Original/371.tif,D:/Downloads/Datasets/archive/CVC-ClinicDB/Ground Truth/371.tif,5
371,372.tif,372,18,D:/Downloads/Datasets/archive/CVC-ClinicDB/Original/372.tif,D:/Downloads/Datasets/archive/CVC-ClinicDB/Ground Truth/372.tif,6
372,373.tif,373,18,D:/Downloads/Datasets/archive/CVC-ClinicDB/Original/373.tif,D:/Downloads/Datasets/archive/CVC-ClinicDB/Ground Truth/373.tif,4
373,374.tif,374,18,D:/Downloads/Datasets/archive/CVC-ClinicDB/Original/374.tif,D:/Downloads/Datasets/archive/CVC-ClinicDB/Ground Truth/374.tif,10
374,375.tif,375,18,D:/Downloads/Datasets/archive/CVC-ClinicDB/Original/375.tif,D:/Downloads/Datasets/archive/CVC-ClinicDB/Ground Truth/375.tif,3
375,376.tif,376,18,D:/Downloads/Datasets/archive/CVC-ClinicDB/Original/376.tif,D:/Downloads/Datasets/archive/CVC-ClinicDB/Ground Truth/376.tif,7
376,377.tif,377,18,D:/Downloads/Datasets/archive/CVC-ClinicDB/Original/377.tif,D:/Downloads/Datasets/archive/CVC-ClinicDB/Ground Truth/377.tif,6
377,378.tif,378,18,D:/Downloads/Datasets/archive/CVC-ClinicDB/Original/378.tif,D:/Downloads/Datasets/archive/CVC-ClinicDB/Ground Truth/378.tif,2
378,379.tif,379,18,D:/Downloads/Datasets/archive/CVC-ClinicDB/Original/379.tif,D:/Downloads/Datasets/archive/CVC-ClinicDB/Ground Truth/379.tif,7
379,380.tif,380,18,D:/Downloads/Datasets/archive/CVC-ClinicDB/Original/380.tif,D:/Downloads/Datasets/archive/CVC-ClinicDB/Ground Truth/380.tif,1
380,381.tif,381,18,D:/Downloads/Datasets/archive/CVC-ClinicDB/Original/381.tif,D:/Downloads/Datasets/archive/CVC-ClinicDB/Ground Truth/381.tif,10
381,382.tif,382,18,D:/Downloads/Datasets/archive/CVC-ClinicDB/Original/382.tif,D:/Downloads/Datasets/archive/CVC-ClinicDB/Ground Truth/382.tif,8
382,383.tif,383,18,D:/Downloads/Datasets/archive/CVC-ClinicDB/Original/383.tif,D:/Downloads/Datasets/archive/CVC-ClinicDB/Ground Truth/383.tif,9
383,384.tif,384,19,D:/Downloads/Datasets/archive/CVC-ClinicDB/Original/384.tif,D:/Downloads/Datasets/archive/CVC-ClinicDB/Ground Truth/384.tif,5
384,385.tif,385,19,D:/Downloads/Datasets/archive/CVC-ClinicDB/Original/385.tif,D:/Downloads/Datasets/archive/CVC-ClinicDB/Ground Truth/385.tif,7
385,386.tif,386,19,D:/Downloads/Datasets/archive/CVC-ClinicDB/Original/386.tif,D:/Downloads/Datasets/archive/CVC-ClinicDB/Ground Truth/386.tif,3
386,387.tif,387,19,D:/Downloads/Datasets/archive/CVC-ClinicDB/Original/387.tif,D:/Downloads/Datasets/archive/CVC-ClinicDB/Ground Truth/387.tif,8
387,388.tif,388,19,D:/Downloads/Datasets/archive/CVC-ClinicDB/Original/388.tif,D:/Downloads/Datasets/archive/CVC-ClinicDB/Ground Truth/388.tif,6
388,389.tif,389,19,D:/Downloads/Datasets/archive/CVC-ClinicDB/Original/389.tif,D:/Downloads/Datasets/archive/CVC-ClinicDB/Ground Truth/389.tif,10
389,390.tif,390,19,D:/Downloads/Datasets/archive/CVC-ClinicDB/Original/390.tif,D:/Downloads/Datasets/archive/CVC-ClinicDB/Ground Truth/390.tif,4
390,391.tif,391,19,D:/Downloads/Datasets/archive/CVC-ClinicDB/Original/391.tif,D:/Downloads/Datasets/archive/CVC-ClinicDB/Ground Truth/391.tif,1
391,392.tif,392,19,D:/Downloads/Datasets/archive/CVC-ClinicDB/Original/392.tif,D:/Downloads/Datasets/archive/CVC-ClinicDB/Ground Truth/392.tif,2
392,393.tif,393,19,D:/Downloads/Datasets/archive/CVC-ClinicDB/Original/393.tif,D:/Downloads/Datasets/archive/CVC-ClinicDB/Ground Truth/393.tif,3
393,394.tif,394,19,D:/Downloads/Datasets/archive/CVC-ClinicDB/Original/394.tif,D:/Downloads/Datasets/archive/CVC-ClinicDB/Ground Truth/394.tif,10
394,395.tif,395,19,D:/Downloads/Datasets/archive/CVC-ClinicDB/Original/395.tif,D:/Downloads/Datasets/archive/CVC-ClinicDB/Ground Truth/395.tif,5
395,396.tif,396,19,D:/Downloads/Datasets/archive/CVC-ClinicDB/Original/396.tif,D:/Downloads/Datasets/archive/CVC-ClinicDB/Ground Truth/396.tif,4
396,397.tif,397,19,D:/Downloads/Datasets/archive/CVC-ClinicDB/Original/397.tif,D:/Downloads/Datasets/archive/CVC-ClinicDB/Ground Truth/397.tif,8
397,398.tif,398,19,D:/Downloads/Datasets/archive/CVC-ClinicDB/Original/398.tif,D:/Downloads/Datasets/archive/CVC-ClinicDB/Ground Truth/398.tif,1
398,399.tif,399,19,D:/Downloads/Datasets/archive/CVC-ClinicDB/Original/399.tif,D:/Downloads/Datasets/archive/CVC-ClinicDB/Ground Truth/399.tif,3
399,400.tif,400,19,D:/Downloads/Datasets/archive/CVC-ClinicDB/Original/400.tif,D:/Downloads/Datasets/archive/CVC-ClinicDB/Ground Truth/400.tif,9
400,401.tif,401,19,D:/Downloads/Datasets/archive/CVC-ClinicDB/Original/401.tif,D:/Downloads/Datasets/archive/CVC-ClinicDB/Ground Truth/401.tif,6
401,402.tif,402,19,D:/Downloads/Datasets/archive/CVC-ClinicDB/Original/402.tif,D:/Downloads/Datasets/archive/CVC-ClinicDB/Ground Truth/402.tif,2
402,403.tif,403,19,D:/Downloads/Datasets/archive/CVC-ClinicDB/Original/403.tif,D:/Downloads/Datasets/archive/CVC-ClinicDB/Ground Truth/403.tif,2
403,404.tif,404,19,D:/Downloads/Datasets/archive/CVC-ClinicDB/Original/404.tif,D:/Downloads/Datasets/archive/CVC-ClinicDB/Ground Truth/404.tif,5
404,405.tif,405,19,D:/Downloads/Datasets/archive/CVC-ClinicDB/Original/405.tif,D:/Downloads/Datasets/archive/CVC-ClinicDB/Ground Truth/405.tif,7
405,406.tif,406,19,D:/Downloads/Datasets/archive/CVC-ClinicDB/Original/406.tif,D:/Downloads/Datasets/archive/CVC-ClinicDB/Ground Truth/406.tif,9
406,407.tif,407,19,D:/Downloads/Datasets/archive/CVC-ClinicDB/Original/407.tif,D:/Downloads/Datasets/archive/CVC-ClinicDB/Ground Truth/407.tif,4
407,408.tif,408,19,D:/Downloads/Datasets/archive/CVC-ClinicDB/Original/408.tif,D:/Downloads/Datasets/archive/CVC-ClinicDB/Ground Truth/408.tif,1
408,409.tif,409,20,D:/Downloads/Datasets/archive/CVC-ClinicDB/Original/409.tif,D:/Downloads/Datasets/archive/CVC-ClinicDB/Ground Truth/409.tif,2
409,410.tif,410,20,D:/Downloads/Datasets/archive/CVC-ClinicDB/Original/410.tif,D:/Downloads/Datasets/archive/CVC-ClinicDB/Ground Truth/410.tif,5
410,411.tif,411,20,D:/Downloads/Datasets/archive/CVC-ClinicDB/Original/411.tif,D:/Downloads/Datasets/archive/CVC-ClinicDB/Ground Truth/411.tif,1
411,412.tif,412,20,D:/Downloads/Datasets/archive/CVC-ClinicDB/Original/412.tif,D:/Downloads/Datasets/archive/CVC-ClinicDB/Ground Truth/412.tif,6
412,413.tif,413,20,D:/Downloads/Datasets/archive/CVC-ClinicDB/Original/413.tif,D:/Downloads/Datasets/archive/CVC-ClinicDB/Ground Truth/413.tif,3
413,414.tif,414,20,D:/Downloads/Datasets/archive/CVC-ClinicDB/Original/414.tif,D:/Downloads/Datasets/archive/CVC-ClinicDB/Ground Truth/414.tif,8
414,415.tif,415,20,D:/Downloads/Datasets/archive/CVC-ClinicDB/Original/415.tif,D:/Downloads/Datasets/archive/CVC-ClinicDB/Ground Truth/415.tif,7
415,416.tif,416,20,D:/Downloads/Datasets/archive/CVC-ClinicDB/Original/416.tif,D:/Downloads/Datasets/archive/CVC-ClinicDB/Ground Truth/416.tif,4
416,417.tif,417,20,D:/Downloads/Datasets/archive/CVC-ClinicDB/Original/417.tif,D:/Downloads/Datasets/archive/CVC-ClinicDB/Ground Truth/417.tif,7
417,418.tif,418,20,D:/Downloads/Datasets/archive/CVC-ClinicDB/Original/418.tif,D:/Downloads/Datasets/archive/CVC-ClinicDB/Ground Truth/418.tif,10
418,419.tif,419,20,D:/Downloads/Datasets/archive/CVC-ClinicDB/Original/419.tif,D:/Downloads/Datasets/archive/CVC-ClinicDB/Ground Truth/419.tif,5
419,420.tif,420,20,D:/Downloads/Datasets/archive/CVC-ClinicDB/Original/420.tif,D:/Downloads/Datasets/archive/CVC-ClinicDB/Ground Truth/420.tif,9
420,421.tif,421,20,D:/Downloads/Datasets/archive/CVC-ClinicDB/Original/421.tif,D:/Downloads/Datasets/archive/CVC-ClinicDB/Ground Truth/421.tif,2
421,422.tif,422,20,D:/Downloads/Datasets/archive/CVC-ClinicDB/Original/422.tif,D:/Downloads/Datasets/archive/CVC-ClinicDB/Ground Truth/422.tif,3
422,423.tif,423,20,D:/Downloads/Datasets/archive/CVC-ClinicDB/Original/423.tif,D:/Downloads/Datasets/archive/CVC-ClinicDB/Ground Truth/423.tif,10
423,424.tif,424,20,D:/Downloads/Datasets/archive/CVC-ClinicDB/Original/424.tif,D:/Downloads/Datasets/archive/CVC-ClinicDB/Ground Truth/424.tif,9
424,425.tif,425,20,D:/Downloads/Datasets/archive/CVC-ClinicDB/Original/425.tif,D:/Downloads/Datasets/archive/CVC-ClinicDB/Ground Truth/425.tif,4
425,426.tif,426,20,D:/Downloads/Datasets/archive/CVC-ClinicDB/Original/426.tif,D:/Downloads/Datasets/archive/CVC-ClinicDB/Ground Truth/426.tif,1
426,427.tif,427,20,D:/Downloads/Datasets/archive/CVC-ClinicDB/Original/427.tif,D:/Downloads/Datasets/archive/CVC-ClinicDB/Ground Truth/427.tif,6
427,428.tif,428,20,D:/Downloads/Datasets/archive/CVC-ClinicDB/Original/428.tif,D:/Downloads/Datasets/archive/CVC-ClinicDB/Ground Truth/428.tif,8
428,429.tif,429,21,D:/Downloads/Datasets/archive/CVC-ClinicDB/Original/429.tif,D:/Downloads/Datasets/archive/CVC-ClinicDB/Ground Truth/429.tif,8
429,430.tif,430,21,D:/Downloads/Datasets/archive/CVC-ClinicDB/Original/430.tif,D:/Downloads/Datasets/archive/CVC-ClinicDB/Ground Truth/430.tif,6
430,431.tif,431,21,D:/Downloads/Datasets/archive/CVC-ClinicDB/Original/431.tif,D:/Downloads/Datasets/archive/CVC-ClinicDB/Ground Truth/431.tif,2
431,432.tif,432,21,D:/Downloads/Datasets/archive/CVC-ClinicDB/Original/432.tif,D:/Downloads/Datasets/archive/CVC-ClinicDB/Ground Truth/432.tif,4
432,433.tif,433,21,D:/Downloads/Datasets/archive/CVC-ClinicDB/Original/433.tif,D:/Downloads/Datasets/archive/CVC-ClinicDB/Ground Truth/433.tif,1
433,434.tif,434,21,D:/Downloads/Datasets/archive/CVC-ClinicDB/Original/434.tif,D:/Downloads/Datasets/archive/CVC-ClinicDB/Ground Truth/434.tif,3
434,435.tif,435,21,D:/Downloads/Datasets/archive/CVC-ClinicDB/Original/435.tif,D:/Downloads/Datasets/archive/CVC-ClinicDB/Ground Truth/435.tif,7
435,436.tif,436,21,D:/Downloads/Datasets/archive/CVC-ClinicDB/Original/436.tif,D:/Downloads/Datasets/archive/CVC-ClinicDB/Ground Truth/436.tif,1
436,437.tif,437,21,D:/Downloads/Datasets/archive/CVC-ClinicDB/Original/437.tif,D:/Downloads/Datasets/archive/CVC-ClinicDB/Ground Truth/437.tif,9
437,438.tif,438,21,D:/Downloads/Datasets/archive/CVC-ClinicDB/Original/438.tif,D:/Downloads/Datasets/archive/CVC-ClinicDB/Ground Truth/438.tif,4
438,439.tif,439,21,D:/Downloads/Datasets/archive/CVC-ClinicDB/Original/439.tif,D:/Downloads/Datasets/archive/CVC-ClinicDB/Ground Truth/439.tif,6
439,440.tif,440,21,D:/Downloads/Datasets/archive/CVC-ClinicDB/Original/440.tif,D:/Downloads/Datasets/archive/CVC-ClinicDB/Ground Truth/440.tif,5
440,441.tif,441,21,D:/Downloads/Datasets/archive/CVC-ClinicDB/Original/441.tif,D:/Downloads/Datasets/archive/CVC-ClinicDB/Ground Truth/441.tif,8
441,442.tif,442,21,D:/Downloads/Datasets/archive/CVC-ClinicDB/Original/442.tif,D:/Downloads/Datasets/archive/CVC-ClinicDB/Ground Truth/442.tif,5
442,443.tif,443,21,D:/Downloads/Datasets/archive/CVC-ClinicDB/Original/443.tif,D:/Downloads/Datasets/archive/CVC-ClinicDB/Ground Truth/443.tif,3
443,444.tif,444,21,D:/Downloads/Datasets/archive/CVC-ClinicDB/Original/444.tif,D:/Downloads/Datasets/archive/CVC-ClinicDB/Ground Truth/444.tif,7
444,445.tif,445,21,D:/Downloads/Datasets/archive/CVC-ClinicDB/Original/445.tif,D:/Downloads/Datasets/archive/CVC-ClinicDB/Ground Truth/445.tif,10
445,446.tif,446,21,D:/Downloads/Datasets/archive/CVC-ClinicDB/Original/446.tif,D:/Downloads/Datasets/archive/CVC-ClinicDB/Ground Truth/446.tif,2
446,447.tif,447,21,D:/Downloads/Datasets/archive/CVC-ClinicDB/Original/447.tif,D:/Downloads/Datasets/archive/CVC-ClinicDB/Ground Truth/447.tif,9
447,448.tif,448,22,D:/Downloads/Datasets/archive/CVC-ClinicDB/Original/448.tif,D:/Downloads/Datasets/archive/CVC-ClinicDB/Ground Truth/448.tif,7
448,449.tif,449,22,D:/Downloads/Datasets/archive/CVC-ClinicDB/Original/449.tif,D:/Downloads/Datasets/archive/CVC-ClinicDB/Ground Truth/449.tif,7
449,450.tif,450,22,D:/Downloads/Datasets/archive/CVC-ClinicDB/Original/450.tif,D:/Downloads/Datasets/archive/CVC-ClinicDB/Ground Truth/450.tif,4
450,451.tif,451,22,D:/Downloads/Datasets/archive/CVC-ClinicDB/Original/451.tif,D:/Downloads/Datasets/archive/CVC-ClinicDB/Ground Truth/451.tif,3
451,452.tif,452,22,D:/Downloads/Datasets/archive/CVC-ClinicDB/Original/452.tif,D:/Downloads/Datasets/archive/CVC-ClinicDB/Ground Truth/452.tif,9
452,453.tif,453,22,D:/Downloads/Datasets/archive/CVC-ClinicDB/Original/453.tif,D:/Downloads/Datasets/archive/CVC-ClinicDB/Ground Truth/453.tif,8
453,454.tif,454,22,D:/Downloads/Datasets/archive/CVC-ClinicDB/Original/454.tif,D:/Downloads/Datasets/archive/CVC-ClinicDB/Ground Truth/454.tif,2
454,455.tif,455,22,D:/Downloads/Datasets/archive/CVC-ClinicDB/Original/455.tif,D:/Downloads/Datasets/archive/CVC-ClinicDB/Ground Truth/455.tif,5
455,456.tif,456,22,D:/Downloads/Datasets/archive/CVC-ClinicDB/Original/456.tif,D:/Downloads/Datasets/archive/CVC-ClinicDB/Ground Truth/456.tif,8
456,457.tif,457,22,D:/Downloads/Datasets/archive/CVC-ClinicDB/Original/457.tif,D:/Downloads/Datasets/archive/CVC-ClinicDB/Ground Truth/457.tif,4
457,458.tif,458,22,D:/Downloads/Datasets/archive/CVC-ClinicDB/Original/458.tif,D:/Downloads/Datasets/archive/CVC-ClinicDB/Ground Truth/458.tif,9
458,459.tif,459,22,D:/Downloads/Datasets/archive/CVC-ClinicDB/Original/459.tif,D:/Downloads/Datasets/archive/CVC-ClinicDB/Ground Truth/459.tif,3
459,460.tif,460,22,D:/Downloads/Datasets/archive/CVC-ClinicDB/Original/460.tif,D:/Downloads/Datasets/archive/CVC-ClinicDB/Ground Truth/460.tif,2
460,461.tif,461,22,D:/Downloads/Datasets/archive/CVC-ClinicDB/Original/461.tif,D:/Downloads/Datasets/archive/CVC-ClinicDB/Ground Truth/461.tif,5
461,462.tif,462,22,D:/Downloads/Datasets/archive/CVC-ClinicDB/Original/462.tif,D:/Downloads/Datasets/archive/CVC-ClinicDB/Ground Truth/462.tif,6
462,463.tif,463,22,D:/Downloads/Datasets/archive/CVC-ClinicDB/Original/463.tif,D:/Downloads/Datasets/archive/CVC-ClinicDB/Ground Truth/463.tif,1
463,464.tif,464,22,D:/Downloads/Datasets/archive/CVC-ClinicDB/Original/464.tif,D:/Downloads/Datasets/archive/CVC-ClinicDB/Ground Truth/464.tif,1
464,465.tif,465,22,D:/Downloads/Datasets/archive/CVC-ClinicDB/Original/465.tif,D:/Downloads/Datasets/archive/CVC-ClinicDB/Ground Truth/465.tif,10
465,466.tif,466,22,D:/Downloads/Datasets/archive/CVC-ClinicDB/Original/466.tif,D:/Downloads/Datasets/archive/CVC-ClinicDB/Ground Truth/466.tif,6
466,467.tif,467,23,D:/Downloads/Datasets/archive/CVC-ClinicDB/Original/467.tif,D:/Downloads/Datasets/archive/CVC-ClinicDB/Ground Truth/467.tif,5
467,468.tif,468,23,D:/Downloads/Datasets/archive/CVC-ClinicDB/Original/468.tif,D:/Downloads/Datasets/archive/CVC-ClinicDB/Ground Truth/468.tif,1
468,469.tif,469,23,D:/Downloads/Datasets/archive/CVC-ClinicDB/Original/469.tif,D:/Downloads/Datasets/archive/CVC-ClinicDB/Ground Truth/469.tif,8
469,470.tif,470,23,D:/Downloads/Datasets/archive/CVC-ClinicDB/Original/470.tif,D:/Downloads/Datasets/archive/CVC-ClinicDB/Ground Truth/470.tif,9
470,471.tif,471,23,D:/Downloads/Datasets/archive/CVC-ClinicDB/Original/471.tif,D:/Downloads/Datasets/archive/CVC-ClinicDB/Ground Truth/471.tif,10
471,472.tif,472,23,D:/Downloads/Datasets/archive/CVC-ClinicDB/Original/472.tif,D:/Downloads/Datasets/archive/CVC-ClinicDB/Ground Truth/472.tif,1
472,473.tif,473,23,D:/Downloads/Datasets/archive/CVC-ClinicDB/Original/473.tif,D:/Downloads/Datasets/archive/CVC-ClinicDB/Ground Truth/473.tif,7
473,474.tif,474,23,D:/Downloads/Datasets/archive/CVC-ClinicDB/Original/474.tif,D:/Downloads/Datasets/archive/CVC-ClinicDB/Ground Truth/474.tif,6
474,475.tif,475,23,D:/Downloads/Datasets/archive/CVC-ClinicDB/Original/475.tif,D:/Downloads/Datasets/archive/CVC-ClinicDB/Ground Truth/475.tif,4
475,476.tif,476,23,D:/Downloads/Datasets/archive/CVC-ClinicDB/Original/476.tif,D:/Downloads/Datasets/archive/CVC-ClinicDB/Ground Truth/476.tif,2
476,477.tif,477,23,D:/Downloads/Datasets/archive/CVC-ClinicDB/Original/477.tif,D:/Downloads/Datasets/archive/CVC-ClinicDB/Ground Truth/477.tif,3
477,478.tif,478,23,D:/Downloads/Datasets/archive/CVC-ClinicDB/Original/478.tif,D:/Downloads/Datasets/archive/CVC-ClinicDB/Ground Truth/478.tif,2
478,479.tif,479,24,D:/Downloads/Datasets/archive/CVC-ClinicDB/Original/479.tif,D:/Downloads/Datasets/archive/CVC-ClinicDB/Ground Truth/479.tif,7
479,480.tif,480,24,D:/Downloads/Datasets/archive/CVC-ClinicDB/Original/480.tif,D:/Downloads/Datasets/archive/CVC-ClinicDB/Ground Truth/480.tif,9
480,481.tif,481,24,D:/Downloads/Datasets/archive/CVC-ClinicDB/Original/481.tif,D:/Downloads/Datasets/archive/CVC-ClinicDB/Ground Truth/481.tif,3
481,482.tif,482,24,D:/Downloads/Datasets/archive/CVC-ClinicDB/Original/482.tif,D:/Downloads/Datasets/archive/CVC-ClinicDB/Ground Truth/482.tif,10
482,483.tif,483,24,D:/Downloads/Datasets/archive/CVC-ClinicDB/Original/483.tif,D:/Downloads/Datasets/archive/CVC-ClinicDB/Ground Truth/483.tif,7
483,484.tif,484,24,D:/Downloads/Datasets/archive/CVC-ClinicDB/Original/484.tif,D:/Downloads/Datasets/archive/CVC-ClinicDB/Ground Truth/484.tif,4
484,485.tif,485,24,D:/Downloads/Datasets/archive/CVC-ClinicDB/Original/485.tif,D:/Downloads/Datasets/archive/CVC-ClinicDB/Ground Truth/485.tif,6
485,486.tif,486,24,D:/Downloads/Datasets/archive/CVC-ClinicDB/Original/486.tif,D:/Downloads/Datasets/archive/CVC-ClinicDB/Ground Truth/486.tif,2
486,487.tif,487,24,D:/Downloads/Datasets/archive/CVC-ClinicDB/Original/487.tif,D:/Downloads/Datasets/archive/CVC-ClinicDB/Ground Truth/487.tif,5
487,488.tif,488,24,D:/Downloads/Datasets/archive/CVC-ClinicDB/Original/488.tif,D:/Downloads/Datasets/archive/CVC-ClinicDB/Ground Truth/488.tif,6
488,489.tif,489,24,D:/Downloads/Datasets/archive/CVC-ClinicDB/Original/489.tif,D:/Downloads/Datasets/archive/CVC-ClinicDB/Ground Truth/489.tif,5
489,490.tif,490,24,D:/Downloads/Datasets/archive/CVC-ClinicDB/Original/490.tif,D:/Downloads/Datasets/archive/CVC-ClinicDB/Ground Truth/490.tif,9
490,491.tif,491,24,D:/Downloads/Datasets/archive/CVC-ClinicDB/Original/491.tif,D:/Downloads/Datasets/archive/CVC-ClinicDB/Ground Truth/491.tif,8
491,492.tif,492,24,D:/Downloads/Datasets/archive/CVC-ClinicDB/Original/492.tif,D:/Downloads/Datasets/archive/CVC-ClinicDB/Ground Truth/492.tif,1
492,493.tif,493,24,D:/Downloads/Datasets/archive/CVC-ClinicDB/Original/493.tif,D:/Downloads/Datasets/archive/CVC-ClinicDB/Ground Truth/493.tif,8
493,494.tif,494,24,D:/Downloads/Datasets/archive/CVC-ClinicDB/Original/494.tif,D:/Downloads/Datasets/archive/CVC-ClinicDB/Ground Truth/494.tif,1
494,495.tif,495,24,D:/Downloads/Datasets/archive/CVC-ClinicDB/Original/495.tif,D:/Downloads/Datasets/archive/CVC-ClinicDB/Ground Truth/495.tif,3
495,496.tif,496,24,D:/Downloads/Datasets/archive/CVC-ClinicDB/Original/496.tif,D:/Downloads/Datasets/archive/CVC-ClinicDB/Ground Truth/496.tif,5
496,497.tif,497,24,D:/Downloads/Datasets/archive/CVC-ClinicDB/Original/497.tif,D:/Downloads/Datasets/archive/CVC-ClinicDB/Ground Truth/497.tif,2
497,498.tif,498,24,D:/Downloads/Datasets/archive/CVC-ClinicDB/Original/498.tif,D:/Downloads/Datasets/archive/CVC-ClinicDB/Ground Truth/498.tif,10
498,499.tif,499,24,D:/Downloads/Datasets/archive/CVC-ClinicDB/Original/499.tif,D:/Downloads/Datasets/archive/CVC-ClinicDB/Ground Truth/499.tif,1
499,500.tif,500,24,D:/Downloads/Datasets/archive/CVC-ClinicDB/Original/500.tif,D:/Downloads/Datasets/archive/CVC-ClinicDB/Ground Truth/500.tif,4
500,501.tif,501,24,D:/Downloads/Datasets/archive/CVC-ClinicDB/Original/501.tif,D:/Downloads/Datasets/archive/CVC-ClinicDB/Ground Truth/501.tif,4
501,502.tif,502,24,D:/Downloads/Datasets/archive/CVC-ClinicDB/Original/502.tif,D:/Downloads/Datasets/archive/CVC-ClinicDB/Ground Truth/502.tif,3
502,503.tif,503,24,D:/Downloads/Datasets/archive/CVC-ClinicDB/Original/503.tif,D:/Downloads/Datasets/archive/CVC-ClinicDB/Ground Truth/503.tif,2
503,504.tif,504,25,D:/Downloads/Datasets/archive/CVC-ClinicDB/Original/504.tif,D:/Downloads/Datasets/archive/CVC-ClinicDB/Ground Truth/504.tif,2
504,505.tif,505,25,D:/Downloads/Datasets/archive/CVC-ClinicDB/Original/505.tif,D:/Downloads/Datasets/archive/CVC-ClinicDB/Ground Truth/505.tif,3
505,506.tif,506,25,D:/Downloads/Datasets/archive/CVC-ClinicDB/Original/506.tif,D:/Downloads/Datasets/archive/CVC-ClinicDB/Ground Truth/506.tif,10
506,507.tif,507,25,D:/Downloads/Datasets/archive/CVC-ClinicDB/Original/507.tif,D:/Downloads/Datasets/archive/CVC-ClinicDB/Ground Truth/507.tif,5
507,508.tif,508,25,D:/Downloads/Datasets/archive/CVC-ClinicDB/Original/508.tif,D:/Downloads/Datasets/archive/CVC-ClinicDB/Ground Truth/508.tif,3
508,509.tif,509,25,D:/Downloads/Datasets/archive/CVC-ClinicDB/Original/509.tif,D:/Downloads/Datasets/archive/CVC-ClinicDB/Ground Truth/509.tif,6
509,510.tif,510,25,D:/Downloads/Datasets/archive/CVC-ClinicDB/Original/510.tif,D:/Downloads/Datasets/archive/CVC-ClinicDB/Ground Truth/510.tif,4
510,511.tif,511,25,D:/Downloads/Datasets/archive/CVC-ClinicDB/Original/511.tif,D:/Downloads/Datasets/archive/CVC-ClinicDB/Ground Truth/511.tif,8
511,512.tif,512,25,D:/Downloads/Datasets/archive/CVC-ClinicDB/Original/512.tif,D:/Downloads/Datasets/archive/CVC-ClinicDB/Ground Truth/512.tif,2
512,513.tif,513,25,D:/Downloads/Datasets/archive/CVC-ClinicDB/Original/513.tif,D:/Downloads/Datasets/archive/CVC-ClinicDB/Ground Truth/513.tif,2
513,514.tif,514,25,D:/Downloads/Datasets/archive/CVC-ClinicDB/Original/514.tif,D:/Downloads/Datasets/archive/CVC-ClinicDB/Ground Truth/514.tif,3
514,515.tif,515,25,D:/Downloads/Datasets/archive/CVC-ClinicDB/Original/515.tif,D:/Downloads/Datasets/archive/CVC-ClinicDB/Ground Truth/515.tif,10
515,516.tif,516,25,D:/Downloads/Datasets/archive/CVC-ClinicDB/Original/516.tif,D:/Downloads/Datasets/archive/CVC-ClinicDB/Ground Truth/516.tif,4
516,517.tif,517,25,D:/Downloads/Datasets/archive/CVC-ClinicDB/Original/517.tif,D:/Downloads/Datasets/archive/CVC-ClinicDB/Ground Truth/517.tif,7
517,518.tif,518,25,D:/Downloads/Datasets/archive/CVC-ClinicDB/Original/518.tif,D:/Downloads/Datasets/archive/CVC-ClinicDB/Ground Truth/518.tif,1
518,519.tif,519,25,D:/Downloads/Datasets/archive/CVC-ClinicDB/Original/519.tif,D:/Downloads/Datasets/archive/CVC-ClinicDB/Ground Truth/519.tif,6
519,520.tif,520,25,D:/Downloads/Datasets/archive/CVC-ClinicDB/Original/520.tif,D:/Downloads/Datasets/archive/CVC-ClinicDB/Ground Truth/520.tif,9
520,521.tif,521,25,D:/Downloads/Datasets/archive/CVC-ClinicDB/Original/521.tif,D:/Downloads/Datasets/archive/CVC-ClinicDB/Ground Truth/521.tif,5
521,522.tif,522,25,D:/Downloads/Datasets/archive/CVC-ClinicDB/Original/522.tif,D:/Downloads/Datasets/archive/CVC-ClinicDB/Ground Truth/522.tif,7
522,523.tif,523,25,D:/Downloads/Datasets/archive/CVC-ClinicDB/Original/523.tif,D:/Downloads/Datasets/archive/CVC-ClinicDB/Ground Truth/523.tif,4
523,524.tif,524,25,D:/Downloads/Datasets/archive/CVC-ClinicDB/Original/524.tif,D:/Downloads/Datasets/archive/CVC-ClinicDB/Ground Truth/524.tif,8
524,525.tif,525,25,D:/Downloads/Datasets/archive/CVC-ClinicDB/Original/525.tif,D:/Downloads/Datasets/archive/CVC-ClinicDB/Ground Truth/525.tif,9
525,526.tif,526,25,D:/Downloads/Datasets/archive/CVC-ClinicDB/Original/526.tif,D:/Downloads/Datasets/archive/CVC-ClinicDB/Ground Truth/526.tif,5
526,527.tif,527,25,D:/Downloads/Datasets/archive/CVC-ClinicDB/Original/527.tif,D:/Downloads/Datasets/archive/CVC-ClinicDB/Ground Truth/527.tif,1
527,528.tif,528,25,D:/Downloads/Datasets/archive/CVC-ClinicDB/Original/528.tif,D:/Downloads/Datasets/archive/CVC-ClinicDB/Ground Truth/528.tif,1
528,529.tif,529,26,D:/Downloads/Datasets/archive/CVC-ClinicDB/Original/529.tif,D:/Downloads/Datasets/archive/CVC-ClinicDB/Ground Truth/529.tif,8
529,530.tif,530,26,D:/Downloads/Datasets/archive/CVC-ClinicDB/Original/530.tif,D:/Downloads/Datasets/archive/CVC-ClinicDB/Ground Truth/530.tif,6
530,531.tif,531,26,D:/Downloads/Datasets/archive/CVC-ClinicDB/Original/531.tif,D:/Downloads/Datasets/archive/CVC-ClinicDB/Ground Truth/531.tif,7
531,532.tif,532,26,D:/Downloads/Datasets/archive/CVC-ClinicDB/Original/532.tif,D:/Downloads/Datasets/archive/CVC-ClinicDB/Ground Truth/532.tif,1
532,533.tif,533,26,D:/Downloads/Datasets/archive/CVC-ClinicDB/Original/533.tif,D:/Downloads/Datasets/archive/CVC-ClinicDB/Ground Truth/533.tif,5
533,534.tif,534,26,D:/Downloads/Datasets/archive/CVC-ClinicDB/Original/534.tif,D:/Downloads/Datasets/archive/CVC-ClinicDB/Ground Truth/534.tif,1
534,535.tif,535,26,D:/Downloads/Datasets/archive/CVC-ClinicDB/Original/535.tif,D:/Downloads/Datasets/archive/CVC-ClinicDB/Ground Truth/535.tif,7
535,536.tif,536,26,D:/Downloads/Datasets/archive/CVC-ClinicDB/Original/536.tif,D:/Downloads/Datasets/archive/CVC-ClinicDB/Ground Truth/536.tif,4
536,537.tif,537,26,D:/Downloads/Datasets/archive/CVC-ClinicDB/Original/537.tif,D:/Downloads/Datasets/archive/CVC-ClinicDB/Ground Truth/537.tif,3
537,538.tif,538,26,D:/Downloads/Datasets/archive/CVC-ClinicDB/Original/538.tif,D:/Downloads/Datasets/archive/CVC-ClinicDB/Ground Truth/538.tif,9
538,539.tif,539,26,D:/Downloads/Datasets/archive/CVC-ClinicDB/Original/539.tif,D:/Downloads/Datasets/archive/CVC-ClinicDB/Ground Truth/539.tif,3
539,540.tif,540,26,D:/Downloads/Datasets/archive/CVC-ClinicDB/Original/540.tif,D:/Downloads/Datasets/archive/CVC-ClinicDB/Ground Truth/540.tif,6
540,541.tif,541,26,D:/Downloads/Datasets/archive/CVC-ClinicDB/Original/541.tif,D:/Downloads/Datasets/archive/CVC-ClinicDB/Ground Truth/541.tif,5
541,542.tif,542,26,D:/Downloads/Datasets/archive/CVC-ClinicDB/Original/542.tif,D:/Downloads/Datasets/archive/CVC-ClinicDB/Ground Truth/542.tif,2
542,543.tif,543,26,D:/Downloads/Datasets/archive/CVC-ClinicDB/Original/543.tif,D:/Downloads/Datasets/archive/CVC-ClinicDB/Ground Truth/543.tif,2
543,544.tif,544,26,D:/Downloads/Datasets/archive/CVC-ClinicDB/Original/544.tif,D:/Downloads/Datasets/archive/CVC-ClinicDB/Ground Truth/544.tif,10
544,545.tif,545,26,D:/Downloads/Datasets/archive/CVC-ClinicDB/Original/545.tif,D:/Downloads/Datasets/archive/CVC-ClinicDB/Ground Truth/545.tif,8
545,546.tif,546,26,D:/Downloads/Datasets/archive/CVC-ClinicDB/Original/546.tif,D:/Downloads/Datasets/archive/CVC-ClinicDB/Ground Truth/546.tif,4
546,547.tif,547,27,D:/Downloads/Datasets/archive/CVC-ClinicDB/Original/547.tif,D:/Downloads/Datasets/archive/CVC-ClinicDB/Ground Truth/547.tif,6
547,548.tif,548,27,D:/Downloads/Datasets/archive/CVC-ClinicDB/Original/548.tif,D:/Downloads/Datasets/archive/CVC-ClinicDB/Ground Truth/548.tif,5
548,549.tif,549,27,D:/Downloads/Datasets/archive/CVC-ClinicDB/Original/549.tif,D:/Downloads/Datasets/archive/CVC-ClinicDB/Ground Truth/549.tif,1
549,550.tif,550,27,D:/Downloads/Datasets/archive/CVC-ClinicDB/Original/550.tif,D:/Downloads/Datasets/archive/CVC-ClinicDB/Ground Truth/550.tif,4
550,551.tif,551,27,D:/Downloads/Datasets/archive/CVC-ClinicDB/Original/551.tif,D:/Downloads/Datasets/archive/CVC-ClinicDB/Ground Truth/551.tif,4
551,552.tif,552,27,D:/Downloads/Datasets/archive/CVC-ClinicDB/Original/552.tif,D:/Downloads/Datasets/archive/CVC-ClinicDB/Ground Truth/552.tif,9
552,553.tif,553,27,D:/Downloads/Datasets/archive/CVC-ClinicDB/Original/553.tif,D:/Downloads/Datasets/archive/CVC-ClinicDB/Ground Truth/553.tif,5
553,554.tif,554,27,D:/Downloads/Datasets/archive/CVC-ClinicDB/Original/554.tif,D:/Downloads/Datasets/archive/CVC-ClinicDB/Ground Truth/554.tif,8
554,555.tif,555,27,D:/Downloads/Datasets/archive/CVC-ClinicDB/Original/555.tif,D:/Downloads/Datasets/archive/CVC-ClinicDB/Ground Truth/555.tif,10
555,556.tif,556,27,D:/Downloads/Datasets/archive/CVC-ClinicDB/Original/556.tif,D:/Downloads/Datasets/archive/CVC-ClinicDB/Ground Truth/556.tif,1
556,557.tif,557,27,D:/Downloads/Datasets/archive/CVC-ClinicDB/Original/557.tif,D:/Downloads/Datasets/archive/CVC-ClinicDB/Ground Truth/557.tif,2
557,558.tif,558,27,D:/Downloads/Datasets/archive/CVC-ClinicDB/Original/558.tif,D:/Downloads/Datasets/archive/CVC-ClinicDB/Ground Truth/558.tif,2
558,559.tif,559,27,D:/Downloads/Datasets/archive/CVC-ClinicDB/Original/559.tif,D:/Downloads/Datasets/archive/CVC-ClinicDB/Ground Truth/559.tif,5
559,560.tif,560,27,D:/Downloads/Datasets/archive/CVC-ClinicDB/Original/560.tif,D:/Downloads/Datasets/archive/CVC-ClinicDB/Ground Truth/560.tif,9
560,561.tif,561,27,D:/Downloads/Datasets/archive/CVC-ClinicDB/Original/561.tif,D:/Downloads/Datasets/archive/CVC-ClinicDB/Ground Truth/561.tif,4
561,562.tif,562,27,D:/Downloads/Datasets/archive/CVC-ClinicDB/Original/562.tif,D:/Downloads/Datasets/archive/CVC-ClinicDB/Ground Truth/562.tif,3
562,563.tif,563,27,D:/Downloads/Datasets/archive/CVC-ClinicDB/Original/563.tif,D:/Downloads/Datasets/archive/CVC-ClinicDB/Ground Truth/563.tif,7
563,564.tif,564,27,D:/Downloads/Datasets/archive/CVC-ClinicDB/Original/564.tif,D:/Downloads/Datasets/archive/CVC-ClinicDB/Ground Truth/564.tif,6
564,565.tif,565,27,D:/Downloads/Datasets/archive/CVC-ClinicDB/Original/565.tif,D:/Downloads/Datasets/archive/CVC-ClinicDB/Ground Truth/565.tif,7
565,566.tif,566,27,D:/Downloads/Datasets/archive/CVC-ClinicDB/Original/566.tif,D:/Downloads/Datasets/archive/CVC-ClinicDB/Ground Truth/566.tif,10
566,567.tif,567,27,D:/Downloads/Datasets/archive/CVC-ClinicDB/Original/567.tif,D:/Downloads/Datasets/archive/CVC-ClinicDB/Ground Truth/567.tif,3
567,568.tif,568,27,D:/Downloads/Datasets/archive/CVC-ClinicDB/Original/568.tif,D:/Downloads/Datasets/archive/CVC-ClinicDB/Ground Truth/568.tif,1
568,569.tif,569,27,D:/Downloads/Datasets/archive/CVC-ClinicDB/Original/569.tif,D:/Downloads/Datasets/archive/CVC-ClinicDB/Ground Truth/569.tif,3
569,570.tif,570,27,D:/Downloads/Datasets/archive/CVC-ClinicDB/Original/570.tif,D:/Downloads/Datasets/archive/CVC-ClinicDB/Ground Truth/570.tif,2
570,571.tif,571,27,D:/Downloads/Datasets/archive/CVC-ClinicDB/Original/571.tif,D:/Downloads/Datasets/archive/CVC-ClinicDB/Ground Truth/571.tif,8
571,572.tif,572,28,D:/Downloads/Datasets/archive/CVC-ClinicDB/Original/572.tif,D:/Downloads/Datasets/archive/CVC-ClinicDB/Ground Truth/572.tif,7
572,573.tif,573,28,D:/Downloads/Datasets/archive/CVC-ClinicDB/Original/573.tif,D:/Downloads/Datasets/archive/CVC-ClinicDB/Ground Truth/573.tif,9
573,574.tif,574,28,D:/Downloads/Datasets/archive/CVC-ClinicDB/Original/574.tif,D:/Downloads/Datasets/archive/CVC-ClinicDB/Ground Truth/574.tif,3
574,575.tif,575,28,D:/Downloads/Datasets/archive/CVC-ClinicDB/Original/575.tif,D:/Downloads/Datasets/archive/CVC-ClinicDB/Ground Truth/575.tif,2
575,576.tif,576,28,D:/Downloads/Datasets/archive/CVC-ClinicDB/Original/576.tif,D:/Downloads/Datasets/archive/CVC-ClinicDB/Ground Truth/576.tif,9
576,577.tif,577,28,D:/Downloads/Datasets/archive/CVC-ClinicDB/Original/577.tif,D:/Downloads/Datasets/archive/CVC-ClinicDB/Ground Truth/577.tif,6
577,578.tif,578,28,D:/Downloads/Datasets/archive/CVC-ClinicDB/Original/578.tif,D:/Downloads/Datasets/archive/CVC-ClinicDB/Ground Truth/578.tif,4
578,579.tif,579,28,D:/Downloads/Datasets/archive/CVC-ClinicDB/Original/579.tif,D:/Downloads/Datasets/archive/CVC-ClinicDB/Ground Truth/579.tif,10
579,580.tif,580,28,D:/Downloads/Datasets/archive/CVC-ClinicDB/Original/580.tif,D:/Downloads/Datasets/archive/CVC-ClinicDB/Ground Truth/580.tif,5
580,581.tif,581,28,D:/Downloads/Datasets/archive/CVC-ClinicDB/Original/581.tif,D:/Downloads/Datasets/archive/CVC-ClinicDB/Ground Truth/581.tif,7
581,582.tif,582,28,D:/Downloads/Datasets/archive/CVC-ClinicDB/Original/582.tif,D:/Downloads/Datasets/archive/CVC-ClinicDB/Ground Truth/582.tif,8
582,583.tif,583,28,D:/Downloads/Datasets/archive/CVC-ClinicDB/Original/583.tif,D:/Downloads/Datasets/archive/CVC-ClinicDB/Ground Truth/583.tif,3
583,584.tif,584,28,D:/Downloads/Datasets/archive/CVC-ClinicDB/Original/584.tif,D:/Downloads/Datasets/archive/CVC-ClinicDB/Ground Truth/584.tif,4
584,585.tif,585,28,D:/Downloads/Datasets/archive/CVC-ClinicDB/Original/585.tif,D:/Downloads/Datasets/archive/CVC-ClinicDB/Ground Truth/585.tif,1
585,586.tif,586,28,D:/Downloads/Datasets/archive/CVC-ClinicDB/Original/586.tif,D:/Downloads/Datasets/archive/CVC-ClinicDB/Ground Truth/586.tif,1
586,587.tif,587,28,D:/Downloads/Datasets/archive/CVC-ClinicDB/Original/587.tif,D:/Downloads/Datasets/archive/CVC-ClinicDB/Ground Truth/587.tif,10
587,588.tif,588,28,D:/Downloads/Datasets/archive/CVC-ClinicDB/Original/588.tif,D:/Downloads/Datasets/archive/CVC-ClinicDB/Ground Truth/588.tif,5
588,589.tif,589,28,D:/Downloads/Datasets/archive/CVC-ClinicDB/Original/589.tif,D:/Downloads/Datasets/archive/CVC-ClinicDB/Ground Truth/589.tif,2
589,590.tif,590,28,D:/Downloads/Datasets/archive/CVC-ClinicDB/Original/590.tif,D:/Downloads/Datasets/archive/CVC-ClinicDB/Ground Truth/590.tif,6
590,591.tif,591,28,D:/Downloads/Datasets/archive/CVC-ClinicDB/Original/591.tif,D:/Downloads/Datasets/archive/CVC-ClinicDB/Ground Truth/591.tif,8
591,592.tif,592,29,D:/Downloads/Datasets/archive/CVC-ClinicDB/Original/592.tif,D:/Downloads/Datasets/archive/CVC-ClinicDB/Ground Truth/592.tif,10
592,593.tif,593,29,D:/Downloads/Datasets/archive/CVC-ClinicDB/Original/593.tif,D:/Downloads/Datasets/archive/CVC-ClinicDB/Ground Truth/593.tif,6
593,594.tif,594,29,D:/Downloads/Datasets/archive/CVC-ClinicDB/Original/594.tif,D:/Downloads/Datasets/archive/CVC-ClinicDB/Ground Truth/594.tif,9
594,595.tif,595,29,D:/Downloads/Datasets/archive/CVC-ClinicDB/Original/595.tif,D:/Downloads/Datasets/archive/CVC-ClinicDB/Ground Truth/595.tif,7
595,596.tif,596,29,D:/Downloads/Datasets/archive/CVC-ClinicDB/Original/596.tif,D:/Downloads/Datasets/archive/CVC-ClinicDB/Ground Truth/596.tif,7
596,597.tif,597,29,D:/Downloads/Datasets/archive/CVC-ClinicDB/Original/597.tif,D:/Downloads/Datasets/archive/CVC-ClinicDB/Ground Truth/597.tif,1
597,598.tif,598,29,D:/Downloads/Datasets/archive/CVC-ClinicDB/Original/598.tif,D:/Downloads/Datasets/archive/CVC-ClinicDB/Ground Truth/598.tif,8
598,599.tif,599,29,D:/Downloads/Datasets/archive/CVC-ClinicDB/Original/599.tif,D:/Downloads/Datasets/archive/CVC-ClinicDB/Ground Truth/599.tif,4
599,600.tif,600,29,D:/Downloads/Datasets/archive/CVC-ClinicDB/Original/600.tif,D:/Downloads/Datasets/archive/CVC-ClinicDB/Ground Truth/600.tif,3
600,601.tif,601,29,D:/Downloads/Datasets/archive/CVC-ClinicDB/Original/601.tif,D:/Downloads/Datasets/archive/CVC-ClinicDB/Ground Truth/601.tif,3
601,602.tif,602,29,D:/Downloads/Datasets/archive/CVC-ClinicDB/Original/602.tif,D:/Downloads/Datasets/archive/CVC-ClinicDB/Ground Truth/602.tif,1
602,603.tif,603,29,D:/Downloads/Datasets/archive/CVC-ClinicDB/Original/603.tif,D:/Downloads/Datasets/archive/CVC-ClinicDB/Ground Truth/603.tif,1
603,604.tif,604,29,D:/Downloads/Datasets/archive/CVC-ClinicDB/Original/604.tif,D:/Downloads/Datasets/archive/CVC-ClinicDB/Ground Truth/604.tif,10
604,605.tif,605,29,D:/Downloads/Datasets/archive/CVC-ClinicDB/Original/605.tif,D:/Downloads/Datasets/archive/CVC-ClinicDB/Ground Truth/605.tif,4
605,606.tif,606,29,D:/Downloads/Datasets/archive/CVC-ClinicDB/Original/606.tif,D:/Downloads/Datasets/archive/CVC-ClinicDB/Ground Truth/606.tif,5
606,607.tif,607,29,D:/Downloads/Datasets/archive/CVC-ClinicDB/Original/607.tif,D:/Downloads/Datasets/archive/CVC-ClinicDB/Ground Truth/607.tif,9
607,608.tif,608,29,D:/Downloads/Datasets/archive/CVC-ClinicDB/Original/608.tif,D:/Downloads/Datasets/archive/CVC-ClinicDB/Ground Truth/608.tif,2
608,609.tif,609,29,D:/Downloads/Datasets/archive/CVC-ClinicDB/Original/609.tif,D:/Downloads/Datasets/archive/CVC-ClinicDB/Ground Truth/609.tif,6
609,610.tif,610,29,D:/Downloads/Datasets/archive/CVC-ClinicDB/Original/610.tif,D:/Downloads/Datasets/archive/CVC-ClinicDB/Ground Truth/610.tif,8
610,611.tif,611,29,D:/Downloads/Datasets/archive/CVC-ClinicDB/Original/611.tif,D:/Downloads/Datasets/archive/CVC-ClinicDB/Ground Truth/611.tif,5
611,612.tif,612,29,D:/Downloads/Datasets/archive/CVC-ClinicDB/Original/612.tif,D:/Downloads/Datasets/archive/CVC-ClinicDB/Ground Truth/612.tif,2
